Sale_ID,Product_Type,Region,Sale_Date,Customer_Area_Code,Complaint_Logged_Date,Complaint_Type,Status,Resolution_Time_Days,Comments
1000,Earbuds,South,"Jan 01, 2023",C3,"Jan 01, 2023",Late Delivery,In Progress,3.0,Rate answer help what white.
1001,Earbuds,East,02/01/2023,C3,02/01/2023,Non-Functioning,Closed,1.0,
1002,Soundbar,South,2023-01-03,C3,2023-01-03,Non-Functioning,Pending,3.0,
1003,Soundbar,South,04/01/2023,D4,04/01/2023,Non-Functioning,Resolved,,
1004,Earbuds,North,05/01/2023,E5,05/01/2023,Late Delivery,Closed,3.0,Control recognize card top.
1005,Charging Cable,South,06/01/2023,A1,06/01/2023,Non-Functioning,In Progress,3.0,
1006,Earbuds,West,07/01/2023,B2,07/01/2023,Warranty Issue,In Progress,5.0,Agree energy during drop.
1007,Headphones,South,2023-01-08,A1,2023-01-08,Warranty Issue,Closed,,
1008,Bluetooth Speaker,East,2023-01-09,D4,2023-01-09,Warranty Issue,In Progress,,
1009,Charging Cable,East,10/01/2023,C3,10/01/2023,Warranty Issue,Pending,3.0,
1009,Charging Cable,East,10/01/2023,C3,10/01/2023,Warranty Issue,Pending,3.0,
1011,Charging Cable,East,2023-01-12,D4,2023-01-12,Warranty Issue,Pending,5.0,
1012,Headphones,South,13/01/2023,D4,13/01/2023,Non-Functioning,In Progress,3.0,Them experience medical west.
1013,Bluetooth Speaker,East,2023-01-14,D4,2023-01-14,Late Delivery,Pending,3.0,
1014,Bluetooth Speaker,North,15/01/2023,B2,15/01/2023,Non-Functioning,Resolved,1.0,
1015,Soundbar,East,"Jan 16, 2023",B2,"Jan 16, 2023",Warranty Issue,Pending,1.0,Nice nature easy PM.
1016,Headphones,West,2023-01-17,E5,2023-01-17,Defect,Pending,10.0,Around design at situation.
1017,Soundbar,North,18/01/2023,E5,18/01/2023,Warranty Issue,In Progress,5.0,
1018,Headphones,Central,"Jan 19, 2023",A1,"Jan 19, 2023",Late Delivery,Pending,7.0,
1019,Soundbar,West,2023-01-20,B2,2023-01-20,Non-Functioning,Closed,1.0,
1020,Bluetooth Speaker,South,"Jan 21, 2023",B2,"Jan 21, 2023",Late Delivery,Resolved,7.0,
1021,Charging Cable,South,"Jan 22, 2023",B2,"Jan 22, 2023",Late Delivery,In Progress,,
1022,Soundbar,South,"Jan 23, 2023",E5,"Jan 23, 2023",Late Delivery,Resolved,1.0,Professional challenge but.
1023,Headphones,West,2023-01-24,D4,2023-01-24,Non-Functioning,Closed,1.0,
1024,Headphones,West,25/01/2023,C3,25/01/2023,Warranty Issue,In Progress,5.0,Move establish owner less.
1025,Bluetooth Speaker,West,26/01/2023,E5,26/01/2023,Late Delivery,In Progress,10.0,
1026,Headphones,North,"Jan 27, 2023",B2,"Jan 27, 2023",Non-Functioning,Pending,7.0,
1027,Earbuds,North,2023-01-28,E5,2023-01-28,Defect,Resolved,1.0,
1028,Charging Cable,South,29/01/2023,A1,29/01/2023,Non-Functioning,Closed,1.0,
1029,Soundbar,East,"Jan 30, 2023",B2,"Jan 30, 2023",Defect,Closed,5.0,Kind away fine everybody.
1030,Charging Cable,South,31/01/2023,A1,31/01/2023,Non-Functioning,In Progress,5.0,Act my wait give ok million.
1031,Bluetooth Speaker,Central,"Feb 01, 2023",B2,"Feb 01, 2023",Warranty Issue,Pending,10.0,
1032,Soundbar,North,02/02/2023,E5,02/02/2023,Late Delivery,In Progress,7.0,
1033,Soundbar,West,"Feb 03, 2023",D4,"Feb 03, 2023",Warranty Issue,In Progress,,
1034,Earbuds,North,2023-02-04,C3,2023-02-04,Non-Functioning,In Progress,10.0,
1035,Bluetooth Speaker,West,05/02/2023,A1,05/02/2023,Late Delivery,In Progress,,
1036,Headphones,Central,"Feb 06, 2023",E5,"Feb 06, 2023",Defect,Closed,3.0,
1037,Earbuds,Central,07/02/2023,D4,07/02/2023,Non-Functioning,Closed,1.0,Draw technology early whom.
1038,Earbuds,North,2023-02-08,E5,2023-02-08,Late Delivery,In Progress,7.0,
1039,Charging Cable,West,2023-02-09,A1,2023-02-09,Defect,In Progress,10.0,
1040,Charging Cable,Central,2023-02-10,C3,2023-02-10,Defect,Pending,1.0,
1041,Charging Cable,South,11/02/2023,E5,11/02/2023,Warranty Issue,In Progress,7.0,
1042,Earbuds,South,12/02/2023,B2,12/02/2023,Non-Functioning,Closed,7.0,Let store training like.
1043,Headphones,West,2023-02-13,D4,2023-02-13,Defect,Resolved,7.0,
1044,Soundbar,North,14/02/2023,E5,14/02/2023,Late Delivery,Closed,1.0,Quickly accept matter spring.
1045,Charging Cable,Central,2023-02-15,D4,2023-02-15,Defect,Pending,10.0,Drive receive participant.
1046,Headphones,North,16/02/2023,B2,16/02/2023,Defect,Closed,5.0,
1047,Bluetooth Speaker,South,"Feb 17, 2023",C3,"Feb 17, 2023",Warranty Issue,Resolved,1.0,It foot whom rule wait.
1048,Charging Cable,Central,2023-02-18,C3,2023-02-18,Warranty Issue,In Progress,7.0,
1049,Soundbar,North,2023-02-19,B2,2023-02-19,Late Delivery,Resolved,10.0,
1050,Bluetooth Speaker,East,20/02/2023,D4,20/02/2023,Warranty Issue,In Progress,3.0,
1051,Bluetooth Speaker,West,2023-02-21,E5,2023-02-21,Defect,In Progress,,
1052,Soundbar,West,2023-02-22,B2,2023-02-22,Defect,Closed,7.0,Assume consider meeting.
1053,Charging Cable,East,"Feb 23, 2023",A1,"Feb 23, 2023",Warranty Issue,Closed,3.0,
1054,Earbuds,South,2023-02-24,D4,2023-02-24,Defect,Closed,5.0,Decision country east matter.
1055,Soundbar,Central,25/02/2023,C3,25/02/2023,Defect,Pending,7.0,
1056,Soundbar,West,2023-02-26,B2,2023-02-26,Late Delivery,Closed,3.0,
1057,Soundbar,East,27/02/2023,C3,27/02/2023,Warranty Issue,Pending,7.0,
1058,Bluetooth Speaker,East,28/02/2023,D4,28/02/2023,Defect,Closed,1.0,Hotel issue bag.
1059,Headphones,South,01/03/2023,C3,01/03/2023,Warranty Issue,In Progress,10.0,
1060,Earbuds,South,"Mar 02, 2023",B2,"Mar 02, 2023",Late Delivery,Pending,3.0,
1061,Charging Cable,North,"Mar 03, 2023",D4,"Mar 03, 2023",Warranty Issue,Resolved,10.0,Produce also former eat.
1062,Charging Cable,West,2023-03-04,A1,2023-03-04,Defect,Pending,1.0,Police day enough become.
1063,Headphones,North,05/03/2023,B2,05/03/2023,Warranty Issue,Pending,1.0,Away and visit.
1064,Soundbar,East,06/03/2023,E5,06/03/2023,Defect,Resolved,10.0,
1065,Earbuds,Central,"Mar 07, 2023",B2,"Mar 07, 2023",Defect,Pending,3.0,Economy standard travel.
1066,Charging Cable,Central,08/03/2023,D4,08/03/2023,Defect,In Progress,10.0,
1067,Charging Cable,South,"Mar 09, 2023",B2,"Mar 09, 2023",Late Delivery,Closed,10.0,
1068,Soundbar,Central,"Mar 10, 2023",A1,"Mar 10, 2023",Warranty Issue,Resolved,,
1069,Headphones,Central,2023-03-11,A1,2023-03-11,Late Delivery,Closed,3.0,
1070,Earbuds,Central,12/03/2023,E5,12/03/2023,Warranty Issue,In Progress,,
1071,Headphones,East,13/03/2023,C3,13/03/2023,Late Delivery,Resolved,7.0,
1072,Headphones,Central,2023-03-14,D4,2023-03-14,Non-Functioning,Closed,10.0,
1073,Earbuds,Central,15/03/2023,D4,15/03/2023,Defect,Closed,7.0,With rest would once.
1074,Earbuds,Central,16/03/2023,C3,16/03/2023,Defect,In Progress,3.0,
1075,Charging Cable,North,2023-03-17,A1,2023-03-17,Late Delivery,Closed,10.0,
1076,Charging Cable,East,2023-03-18,A1,2023-03-18,Non-Functioning,In Progress,7.0,
1077,Earbuds,South,2023-03-19,B2,2023-03-19,Defect,Pending,5.0,
1078,Bluetooth Speaker,North,"Mar 20, 2023",E5,"Mar 20, 2023",Warranty Issue,In Progress,1.0,
1079,Charging Cable,West,2023-03-21,E5,2023-03-21,Late Delivery,Pending,10.0,
1080,Bluetooth Speaker,East,22/03/2023,E5,22/03/2023,Defect,Resolved,1.0,White manager billion.
1081,Earbuds,East,2023-03-23,B2,2023-03-23,Defect,Closed,,
1082,Charging Cable,West,2023-03-24,E5,2023-03-24,Late Delivery,In Progress,7.0,Most boy sign.
1083,Headphones,West,25/03/2023,C3,25/03/2023,Late Delivery,In Progress,,
1084,Earbuds,West,2023-03-26,B2,2023-03-26,Warranty Issue,Closed,10.0,
1085,Soundbar,South,2023-03-27,C3,2023-03-27,Warranty Issue,Closed,1.0,
1086,Bluetooth Speaker,Central,28/03/2023,B2,28/03/2023,Defect,Resolved,1.0,
1087,Earbuds,East,2023-03-29,E5,2023-03-29,Defect,Resolved,7.0,Where Mr event sure.
1088,Earbuds,Central,"Mar 30, 2023",C3,"Mar 30, 2023",Late Delivery,In Progress,10.0,These TV page once.
1089,Charging Cable,Central,31/03/2023,C3,31/03/2023,Defect,Resolved,5.0,
1090,Charging Cable,West,"Apr 01, 2023",C3,"Apr 01, 2023",Defect,Pending,5.0,One together which do small.
1091,Charging Cable,South,"Apr 02, 2023",B2,"Apr 02, 2023",Late Delivery,Resolved,7.0,Artist realize computer sit.
1092,Soundbar,North,2023-04-03,D4,2023-04-03,Defect,Resolved,10.0,
1093,Charging Cable,South,04/04/2023,E5,04/04/2023,Defect,In Progress,7.0,
1094,Earbuds,Central,05/04/2023,C3,05/04/2023,Non-Functioning,Pending,10.0,
1095,Charging Cable,South,2023-04-06,D4,2023-04-06,Warranty Issue,Resolved,,
1096,Headphones,West,07/04/2023,E5,07/04/2023,Late Delivery,Pending,7.0,
1097,Charging Cable,North,08/04/2023,E5,08/04/2023,Non-Functioning,Pending,10.0,
1098,Soundbar,West,2023-04-09,C3,2023-04-09,Warranty Issue,Pending,5.0,Sure everything buy much.
1099,Headphones,North,2023-04-10,C3,2023-04-10,Warranty Issue,Closed,10.0,
1100,Earbuds,Central,15-2023-03,B2,2023-04-11,Warranty Issue,Closed,10.0,
1101,Earbuds,North,2023-04-12,D4,2023-04-12,Non-Functioning,Closed,7.0,
1102,Bluetooth Speaker,North,13/04/2023,D4,13/04/2023,Non-Functioning,Closed,,
1103,Headphones,North,"Apr 14, 2023",C3,"Apr 14, 2023",Warranty Issue,In Progress,,
1104,Bluetooth Speaker,South,"Apr 15, 2023",E5,"Apr 15, 2023",Defect,Resolved,,
1105,Headphones,South,2023-04-16,C3,2023-04-16,Defect,Closed,,
1106,Headphones,Central,17/04/2023,E5,17/04/2023,Non-Functioning,In Progress,3.0,
1107,Soundbar,North,"Apr 18, 2023",E5,"Apr 18, 2023",Non-Functioning,Resolved,7.0,Training very international.
1108,Bluetooth Speaker,East,2023-04-19,C3,2023-04-19,Non-Functioning,Closed,1.0,
1109,Soundbar,Central,2023-04-20,A1,2023-04-20,Warranty Issue,Resolved,7.0,Hot sound receive.
1110,Headphones,North,"Apr 21, 2023",D4,"Apr 21, 2023",Defect,Closed,3.0,
1111,Earbuds,North,"Apr 22, 2023",E5,"Apr 22, 2023",Non-Functioning,In Progress,,
1112,Headphones,South,23/04/2023,E5,23/04/2023,Non-Functioning,Pending,3.0,
1113,Soundbar,Central,"Apr 24, 2023",A1,"Apr 24, 2023",Late Delivery,Pending,5.0,Sing federal such behind.
1114,Bluetooth Speaker,North,2023-04-25,B2,2023-04-25,Warranty Issue,Resolved,5.0,Thus eye by in.
1115,Bluetooth Speaker,North,2023-04-26,A1,2023-04-26,Late Delivery,In Progress,7.0,
1116,Soundbar,Central,2023-04-27,A1,2023-04-27,Defect,Pending,7.0,Hospital stay debate.
1117,Bluetooth Speaker,East,"Apr 28, 2023",E5,"Apr 28, 2023",Late Delivery,Closed,1.0,
1118,Charging Cable,Central,29/04/2023,D4,29/04/2023,Late Delivery,Pending,1.0,Respond then according his.
1119,Earbuds,Central,"Apr 30, 2023",A1,"Apr 30, 2023",Late Delivery,Resolved,5.0,Able among there this.
1120,Earbuds,East,01/05/2023,B2,01/05/2023,Warranty Issue,Resolved,,
1121,Earbuds,Central,2023-05-02,C3,2023-05-02,Defect,In Progress,3.0,
1122,Bluetooth Speaker,North,"May 03, 2023",A1,"May 03, 2023",Late Delivery,Resolved,1.0,
1123,Bluetooth Speaker,Central,04/05/2023,A1,04/05/2023,Warranty Issue,Pending,10.0,
1124,Headphones,East,05/05/2023,B2,05/05/2023,Defect,Pending,1.0,
1125,Headphones,West,2023-05-06,D4,2023-05-06,Non-Functioning,Pending,,Explain many too anything Mr.
1126,Earbuds,Central,"May 07, 2023",A1,"May 07, 2023",Late Delivery,Pending,,
1127,Charging Cable,South,"May 08, 2023",A1,"May 08, 2023",Defect,In Progress,7.0,
1128,Headphones,North,"May 09, 2023",D4,"May 09, 2023",Late Delivery,Closed,3.0,
1129,Headphones,North,10/05/2023,B2,10/05/2023,Non-Functioning,Closed,,Police she cost fire lead.
1130,Bluetooth Speaker,South,2023-05-11,A1,2023-05-11,Defect,In Progress,1.0,Never best hope song force.
1131,Charging Cable,South,12/05/2023,D4,12/05/2023,Warranty Issue,Resolved,1.0,
1132,Earbuds,Central,13/05/2023,A1,13/05/2023,Defect,Closed,5.0,Tax your fact subject.
1133,Headphones,South,"May 14, 2023",C3,"May 14, 2023",Warranty Issue,Resolved,,
1134,Charging Cable,West,"May 15, 2023",E5,"May 15, 2023",Defect,Closed,10.0,
1135,Charging Cable,East,16/05/2023,C3,16/05/2023,Warranty Issue,Resolved,7.0,Tough prevent so.
1136,Earbuds,South,17/05/2023,A1,17/05/2023,Non-Functioning,In Progress,3.0,Check their those.
1137,Charging Cable,South,2023-05-18,B2,2023-05-18,Non-Functioning,Pending,10.0,
1138,Charging Cable,West,2023-05-19,E5,2023-05-19,Non-Functioning,Resolved,7.0,Believe buy whose notice.
1139,Charging Cable,North,"May 20, 2023",C3,"May 20, 2023",Defect,Pending,1.0,
1140,Headphones,North,21/05/2023,D4,21/05/2023,Non-Functioning,Resolved,10.0,
1141,Earbuds,Central,22/05/2023,B2,22/05/2023,Late Delivery,Resolved,7.0,
1142,Charging Cable,West,23/05/2023,C3,23/05/2023,Non-Functioning,Resolved,1.0,Single far knowledge huge.
1143,Charging Cable,East,"May 24, 2023",D4,"May 24, 2023",Warranty Issue,Resolved,1.0,
1144,Headphones,East,25/05/2023,A1,25/05/2023,Warranty Issue,Resolved,1.0,Bring trip before up.
1145,Earbuds,West,26/05/2023,D4,26/05/2023,,Pending,1.0,
1146,Bluetooth Speaker,East,2023-05-27,C3,2023-05-27,Defect,Resolved,1.0,
1147,Headphones,North,2023-05-28,C3,2023-05-28,Late Delivery,Pending,5.0,
1148,Earbuds,East,29/05/2023,A1,29/05/2023,Non-Functioning,In Progress,10.0,Spring choice foot learn.
1149,Charging Cable,East,"May 30, 2023",D4,"May 30, 2023",Late Delivery,Closed,7.0,Pretty oil level treat.
1150,Earbuds,West,2023-05-31,D4,2023-05-31,Late Delivery,Resolved,5.0,Series quality their low.
1151,Earbuds,West,"Jun 01, 2023",A1,"Jun 01, 2023",Warranty Issue,Closed,5.0,
1152,Earbuds,East,02/06/2023,D4,02/06/2023,Warranty Issue,Pending,,
1153,Bluetooth Speaker,South,2023-06-03,A1,2023-06-03,Warranty Issue,In Progress,,Grow be ever seven.
1154,Earbuds,West,"Jun 04, 2023",B2,"Jun 04, 2023",Defect,In Progress,,Serve physical floor food.
1155,Bluetooth Speaker,Central,"Jun 05, 2023",C3,"Jun 05, 2023",Late Delivery,In Progress,3.0,Then live nice network.
1156,Charging Cable,Central,06/06/2023,B2,06/06/2023,Late Delivery,Closed,,Type more husband woman use.
1157,Bluetooth Speaker,North,"Jun 07, 2023",E5,"Jun 07, 2023",Defect,Pending,7.0,
1158,Charging Cable,East,08/06/2023,E5,08/06/2023,Defect,Resolved,5.0,Think attorney charge base.
1159,Charging Cable,South,"Jun 09, 2023",E5,"Jun 09, 2023",Defect,Resolved,7.0,
1160,Bluetooth Speaker,North,2023-06-10,A1,2023-06-10,Late Delivery,Pending,10.0,Decide heavy manage air find.
1161,Headphones,East,2023-06-11,D4,2023-06-11,Late Delivery,Closed,,First television detail they.
1162,Soundbar,West,12/06/2023,B2,12/06/2023,Warranty Issue,Resolved,3.0,
1163,Earbuds,Central,2023-06-13,B2,2023-06-13,Warranty Issue,Pending,10.0,
1164,Soundbar,South,2023-06-14,B2,2023-06-14,Late Delivery,Resolved,3.0,
1165,Earbuds,Central,2023-06-15,B2,2023-06-15,Warranty Issue,In Progress,10.0,
1166,Earbuds,West,2023-06-16,E5,2023-06-16,Defect,Resolved,5.0,
1167,Charging Cable,East,2023-06-17,B2,2023-06-17,Non-Functioning,Closed,7.0,On play those.
1168,Earbuds,West,2023-06-18,D4,2023-06-18,Warranty Issue,Pending,1.0,
1169,Earbuds,West,"Jun 19, 2023",E5,"Jun 19, 2023",Late Delivery,Closed,7.0,
1170,Bluetooth Speaker,Central,20/06/2023,B2,20/06/2023,Warranty Issue,Pending,,
1171,Soundbar,South,"Jun 21, 2023",A1,"Jun 21, 2023",Warranty Issue,In Progress,1.0,
1172,Bluetooth Speaker,West,22/06/2023,C3,22/06/2023,Warranty Issue,Pending,3.0,
1173,Earbuds,Central,2023-06-23,C3,2023-06-23,Non-Functioning,Resolved,5.0,Member size decision major.
1174,Charging Cable,South,24/06/2023,C3,24/06/2023,Defect,Resolved,5.0,Ability heart general three.
1175,Bluetooth Speaker,East,25/06/2023,E5,25/06/2023,Late Delivery,In Progress,3.0,
1176,Bluetooth Speaker,East,2023-06-26,B2,2023-06-26,Non-Functioning,Pending,,
1177,Headphones,North,27/06/2023,E5,27/06/2023,Late Delivery,In Progress,3.0,
1178,Earbuds,Central,2023-06-28,D4,2023-06-28,Late Delivery,Resolved,10.0,Up alone dark treat rock.
1179,Charging Cable,South,29/06/2023,A1,29/06/2023,Late Delivery,Closed,,
1180,Bluetooth Speaker,West,"Jun 30, 2023",A1,"Jun 30, 2023",Non-Functioning,In Progress,1.0,
1181,Bluetooth Speaker,East,2023-07-01,C3,2023-07-01,Defect,Closed,3.0,
1182,Charging Cable,South,02/07/2023,C3,02/07/2023,Late Delivery,Closed,,
1183,Earbuds,Central,2023-07-03,C3,2023-07-03,Defect,Pending,1.0,
1184,Headphones,North,04/07/2023,B2,04/07/2023,Defect,In Progress,3.0,
1185,Bluetooth Speaker,East,"Jul 05, 2023",D4,"Jul 05, 2023",Warranty Issue,Closed,5.0,
1186,Headphones,South,"Jul 06, 2023",D4,"Jul 06, 2023",Non-Functioning,Closed,3.0,
1187,Soundbar,South,07/07/2023,D4,07/07/2023,Non-Functioning,Pending,7.0,
1188,Earbuds,South,2023-07-08,D4,2023-07-08,Warranty Issue,Pending,3.0,
1189,Soundbar,Central,2023-07-09,C3,2023-07-09,Warranty Issue,Resolved,7.0,
1190,Soundbar,Central,10/07/2023,A1,10/07/2023,Defect,Closed,1.0,Room sound husband whole.
1191,Soundbar,Central,11/07/2023,C3,11/07/2023,Late Delivery,Resolved,3.0,Bring police very.
1192,Earbuds,West,12/07/2023,D4,12/07/2023,Non-Functioning,Closed,1.0,Face day national.
1193,Earbuds,South,2023-07-13,C3,2023-07-13,Late Delivery,Resolved,1.0,
1194,Charging Cable,East,2023-07-14,D4,2023-07-14,Late Delivery,Pending,,
1195,Headphones,Central,2023-07-15,E5,2023-07-15,Warranty Issue,In Progress,1.0,Summer project of main feel.
1196,Headphones,Central,2023-07-16,A1,2023-07-16,Late Delivery,Pending,1.0,
1197,Charging Cable,South,2023-07-17,E5,2023-07-17,Defect,Resolved,3.0,
1198,Charging Cable,Central,2023-07-18,B2,2023-07-18,Warranty Issue,Resolved,3.0,
1199,Soundbar,West,2023-07-19,C3,2023-07-19,Late Delivery,In Progress,5.0,
1200,Charging Cable,West,2023-07-20,B2,2023-07-20,Warranty Issue,Closed,,Trouble wall author reality.
1201,Bluetooth Speaker,Central,2023-07-21,C3,2023-07-21,Defect,Resolved,1.0,Her chance for girl.
1202,Headphones,South,2023-07-22,E5,2023-07-22,Defect,Resolved,,
1203,Charging Cable,South,2023-07-23,D4,2023-07-23,Late Delivery,Resolved,7.0,
1204,Bluetooth Speaker,South,24/07/2023,D4,24/07/2023,Warranty Issue,In Progress,1.0,Blue yes political watch.
1205,Bluetooth Speaker,North,"Jul 25, 2023",C3,"Jul 25, 2023",Late Delivery,Pending,,
1206,Bluetooth Speaker,Central,"Jul 26, 2023",D4,"Jul 26, 2023",Late Delivery,Resolved,5.0,Exist sport laugh laugh easy.
1207,Bluetooth Speaker,South,27/07/2023,E5,27/07/2023,Warranty Issue,In Progress,5.0,Mother instead support.
1208,Soundbar,West,28/07/2023,D4,28/07/2023,Late Delivery,Resolved,1.0,
1209,Bluetooth Speaker,East,"Jul 29, 2023",E5,"Jul 29, 2023",Defect,Closed,7.0,
1210,Soundbar,East,2023-07-30,B2,2023-07-30,Warranty Issue,In Progress,5.0,
1211,Soundbar,South,31/07/2023,E5,31/07/2023,Warranty Issue,Resolved,5.0,
1212,Bluetooth Speaker,East,2023-08-01,A1,2023-08-01,Warranty Issue,In Progress,7.0,
1213,Headphones,East,2023-08-02,A1,2023-08-02,Warranty Issue,Resolved,,Loss minute relate.
1214,Bluetooth Speaker,North,2023-08-03,A1,2023-08-03,Late Delivery,Pending,5.0,Truth wide although leave.
1215,Bluetooth Speaker,West,"Aug 04, 2023",C3,"Aug 04, 2023",Late Delivery,Resolved,3.0,
1216,Bluetooth Speaker,West,"Aug 05, 2023",C3,"Aug 05, 2023",Defect,In Progress,10.0,Fear easy music.
1217,Headphones,North,2023-08-06,C3,2023-08-06,Non-Functioning,Closed,10.0,Buy space win concern result.
1218,Earbuds,North,07/08/2023,E5,07/08/2023,Non-Functioning,Closed,5.0,
1219,Earbuds,East,"Aug 08, 2023",C3,"Aug 08, 2023",Defect,Closed,,
1220,Soundbar,Central,09/08/2023,B2,09/08/2023,Non-Functioning,Resolved,,
1221,Soundbar,East,"Aug 10, 2023",A1,"Aug 10, 2023",Defect,Pending,1.0,
1222,Headphones,North,11/08/2023,E5,11/08/2023,Late Delivery,Resolved,3.0,One leg vote buy.
1223,Charging Cable,West,2023-08-12,A1,2023-08-12,Warranty Issue,Closed,,A keep direction million.
1224,Earbuds,East,13/08/2023,C3,13/08/2023,Warranty Issue,In Progress,7.0,Method glass total science.
1225,Soundbar,Central,2023-08-14,E5,2023-08-14,Late Delivery,Closed,3.0,
1226,Earbuds,East,"Aug 15, 2023",D4,"Aug 15, 2023",Warranty Issue,In Progress,10.0,Major toward tax land.
1227,Headphones,South,"Aug 16, 2023",B2,"Aug 16, 2023",Warranty Issue,Pending,3.0,
1228,Headphones,East,2023-08-17,C3,2023-08-17,Non-Functioning,In Progress,7.0,Body hold admit.
1229,Charging Cable,North,"Aug 18, 2023",C3,"Aug 18, 2023",Late Delivery,Resolved,5.0,Manage possible hot peace.
1230,Charging Cable,West,19/08/2023,B2,19/08/2023,Non-Functioning,Resolved,7.0,
1231,Headphones,West,"Aug 20, 2023",B2,"Aug 20, 2023",Non-Functioning,Resolved,7.0,
1232,Soundbar,North,"Aug 21, 2023",D4,"Aug 21, 2023",Warranty Issue,In Progress,5.0,
1233,Earbuds,South,"Aug 22, 2023",C3,"Aug 22, 2023",Warranty Issue,Resolved,5.0,
1234,Bluetooth Speaker,North,23/08/2023,C3,23/08/2023,Late Delivery,Resolved,5.0,
1235,Charging Cable,East,"Aug 24, 2023",A1,"Aug 24, 2023",Warranty Issue,Resolved,5.0,
1236,Bluetooth Speaker,North,2023-08-25,E5,2023-08-25,Warranty Issue,Pending,5.0,
1237,Soundbar,North,"Aug 26, 2023",E5,"Aug 26, 2023",Late Delivery,In Progress,7.0,Cause market nothing page.
1238,Charging Cable,South,2023-08-27,A1,2023-08-27,Warranty Issue,In Progress,1.0,
1239,Bluetooth Speaker,East,2023-08-28,E5,2023-08-28,Non-Functioning,Closed,1.0,
1240,Soundbar,Central,29/08/2023,B2,29/08/2023,Late Delivery,In Progress,,
1241,Earbuds,Central,"Aug 30, 2023",E5,"Aug 30, 2023",Warranty Issue,Pending,1.0,
1242,Soundbar,West,"Aug 31, 2023",E5,"Aug 31, 2023",Defect,In Progress,10.0,Rest part high others.
1243,Charging Cable,North,"Sep 01, 2023",A1,"Sep 01, 2023",Late Delivery,Pending,1.0,
1244,Headphones,West,02/09/2023,D4,02/09/2023,Late Delivery,Pending,7.0,
1245,Earbuds,South,03/09/2023,E5,03/09/2023,Defect,In Progress,5.0,
1246,Bluetooth Speaker,Central,2023-09-04,E5,2023-09-04,Warranty Issue,Closed,5.0,
1247,Charging Cable,North,"Sep 05, 2023",D4,"Sep 05, 2023",Warranty Issue,Resolved,7.0,
1248,Headphones,South,"Sep 06, 2023",A1,"Sep 06, 2023",Late Delivery,Resolved,10.0,Between something thought.
1249,Soundbar,South,2023-09-07,D4,2023-09-07,Late Delivery,In Progress,1.0,
1250,Headphones,North,08/09/2023,A1,08/09/2023,Warranty Issue,In Progress,7.0,Fall agree look think father.
1251,Charging Cable,South,09/09/2023,B2,09/09/2023,Warranty Issue,Pending,,
1252,Charging Cable,North,"Sep 10, 2023",A1,"Sep 10, 2023",Non-Functioning,In Progress,5.0,
1253,Headphones,North,2023-09-11,B2,2023-09-11,Late Delivery,Pending,3.0,
1254,Soundbar,East,2023-09-12,B2,2023-09-12,Late Delivery,Closed,,Mr decision wear government.
1255,Headphones,West,"Sep 13, 2023",A1,"Sep 13, 2023",Defect,In Progress,10.0,
1256,Charging Cable,South,14/09/2023,C3,14/09/2023,Non-Functioning,Resolved,,
1257,Charging Cable,South,"Sep 15, 2023",A1,"Sep 15, 2023",Warranty Issue,Resolved,7.0,
1258,Bluetooth Speaker,East,"Sep 16, 2023",E5,"Sep 16, 2023",Non-Functioning,In Progress,1.0,
1259,Bluetooth Speaker,East,2023-09-17,E5,2023-09-17,Warranty Issue,Pending,5.0,
1260,Earbuds,East,2023-09-18,C3,2023-09-18,Warranty Issue,Resolved,10.0,
1261,Charging Cable,Central,"Sep 19, 2023",B2,"Sep 19, 2023",Non-Functioning,Pending,10.0,
1262,Bluetooth Speaker,Central,20/09/2023,C3,20/09/2023,Late Delivery,In Progress,3.0,
1263,Headphones,Central,"Sep 21, 2023",E5,"Sep 21, 2023",Warranty Issue,In Progress,,
1264,Soundbar,North,2023-09-22,C3,2023-09-22,Non-Functioning,Resolved,3.0,Matter data save.
1265,Headphones,South,23/09/2023,A1,23/09/2023,Defect,In Progress,1.0,
1266,Soundbar,West,24/09/2023,C3,24/09/2023,Non-Functioning,Closed,1.0,
1267,Bluetooth Speaker,North,25/09/2023,B2,25/09/2023,Defect,Closed,3.0,Name water arrive ago.
1268,Earbuds,South,2023-09-26,A1,2023-09-26,Warranty Issue,Resolved,5.0,Why economy him woman look.
1269,Headphones,South,2023-09-27,D4,2023-09-27,Non-Functioning,Closed,1.0,
1270,Headphones,East,28/09/2023,E5,28/09/2023,Non-Functioning,Pending,3.0,Song every yet day share say.
1271,Headphones,East,29/09/2023,E5,29/09/2023,Defect,Resolved,,
1272,Soundbar,North,"Sep 30, 2023",C3,"Sep 30, 2023",Non-Functioning,Resolved,3.0,
1273,Bluetooth Speaker,East,"Oct 01, 2023",A1,"Oct 01, 2023",Non-Functioning,Pending,3.0,
1274,Headphones,South,"Oct 02, 2023",D4,"Oct 02, 2023",Warranty Issue,Closed,7.0,
1275,Headphones,East,03/10/2023,A1,03/10/2023,Non-Functioning,Closed,1.0,Green far southern.
1276,Earbuds,Central,04/10/2023,E5,04/10/2023,Late Delivery,Closed,5.0,
1277,Earbuds,East,05/10/2023,A1,05/10/2023,Defect,Resolved,5.0,Bar run information allow.
1278,Bluetooth Speaker,South,06/10/2023,D4,06/10/2023,Non-Functioning,Resolved,7.0,
1279,Bluetooth Speaker,North,"Oct 07, 2023",C3,"Oct 07, 2023",Defect,Closed,10.0,
1280,Charging Cable,West,2023-10-08,B2,2023-10-08,Defect,In Progress,5.0,
1281,Earbuds,East,2023-10-09,A1,2023-10-09,Defect,Closed,3.0,Above over common local.
1282,Charging Cable,South,2023-10-10,B2,2023-10-10,Non-Functioning,Pending,7.0,Career one decision.
1283,Soundbar,West,2023-10-11,E5,2023-10-11,Non-Functioning,Resolved,,Firm not ask somebody.
1284,Charging Cable,West,12/10/2023,C3,12/10/2023,Defect,Pending,1.0,Party attack on teach.
1285,Headphones,Central,"Oct 13, 2023",C3,"Oct 13, 2023",Late Delivery,Pending,1.0,
1286,Charging Cable,West,"Oct 14, 2023",A1,"Oct 14, 2023",Defect,Resolved,1.0,
1287,Bluetooth Speaker,South,"Oct 15, 2023",C3,"Oct 15, 2023",Late Delivery,In Progress,3.0,
1288,Soundbar,South,2023-10-16,A1,2023-10-16,Defect,Closed,,Note vote hold choose.
1289,Headphones,East,2023-10-17,A1,2023-10-17,Warranty Issue,Pending,7.0,Yet effort goal.
1290,Charging Cable,East,2023-10-18,B2,2023-10-18,Defect,Resolved,7.0,
1291,Soundbar,East,"Oct 19, 2023",C3,"Oct 19, 2023",Defect,Pending,1.0,
1292,Soundbar,West,20/10/2023,A1,20/10/2023,Non-Functioning,Closed,,
1293,Headphones,West,21/10/2023,B2,21/10/2023,Late Delivery,In Progress,,
1294,Charging Cable,Central,22/10/2023,D4,22/10/2023,Warranty Issue,In Progress,,
1295,Soundbar,East,"Oct 23, 2023",B2,"Oct 23, 2023",Late Delivery,In Progress,5.0,
1296,Soundbar,North,2023-10-24,B2,2023-10-24,Warranty Issue,Resolved,5.0,
1297,Earbuds,Central,"Oct 25, 2023",A1,"Oct 25, 2023",Defect,Resolved,1.0,Compare kid bag door.
1298,Soundbar,North,"Oct 26, 2023",E5,"Oct 26, 2023",Non-Functioning,In Progress,,Detail sister baby bit.
1299,Earbuds,West,2023-10-27,E5,2023-10-27,Non-Functioning,Closed,10.0,
1300,Charging Cable,Central,28/10/2023,E5,28/10/2023,Late Delivery,Closed,,
1301,Charging Cable,Central,29/10/2023,B2,29/10/2023,Non-Functioning,Resolved,7.0,
1302,Charging Cable,South,30/10/2023,A1,30/10/2023,Late Delivery,In Progress,7.0,
1303,Bluetooth Speaker,West,31/10/2023,C3,31/10/2023,Late Delivery,Closed,1.0,
1304,Charging Cable,West,01/11/2023,B2,01/11/2023,Warranty Issue,Closed,10.0,
1305,Soundbar,Central,2023-11-02,B2,2023-11-02,Late Delivery,Closed,,High election themselves oil.
1306,Headphones,West,03/11/2023,A1,03/11/2023,Warranty Issue,Resolved,10.0,
1307,Earbuds,Central,2023-11-04,D4,2023-11-04,Non-Functioning,In Progress,1.0,
1308,Bluetooth Speaker,South,2023-11-05,B2,2023-11-05,Late Delivery,Pending,7.0,
1309,Charging Cable,Central,06/11/2023,D4,06/11/2023,Late Delivery,In Progress,7.0,
1310,Charging Cable,West,2023-11-07,D4,2023-11-07,Defect,In Progress,5.0,
1311,Headphones,West,08/11/2023,E5,08/11/2023,Late Delivery,Resolved,1.0,
1312,Headphones,Central,2023-11-09,A1,2023-11-09,Late Delivery,Closed,1.0,
1313,Bluetooth Speaker,Central,10/11/2023,D4,10/11/2023,Defect,Closed,,Article save fast increase.
1314,Earbuds,Central,11/11/2023,A1,11/11/2023,Defect,Resolved,,
1315,Charging Cable,East,12/11/2023,E5,12/11/2023,Non-Functioning,Resolved,5.0,
1316,Bluetooth Speaker,West,2023-11-13,A1,2023-11-13,Late Delivery,Resolved,3.0,
1317,Soundbar,West,14/11/2023,B2,14/11/2023,Non-Functioning,Resolved,10.0,Plant resource develop fill.
1318,Soundbar,East,"Nov 15, 2023",D4,"Nov 15, 2023",Non-Functioning,Resolved,3.0,Fly all game deal into.
1319,Bluetooth Speaker,Central,16/11/2023,A1,16/11/2023,Defect,Pending,3.0,
1320,Charging Cable,South,2023-11-17,C3,2023-11-17,Warranty Issue,In Progress,1.0,
1321,Bluetooth Speaker,Central,"Nov 18, 2023",A1,"Nov 18, 2023",Non-Functioning,In Progress,10.0,
1322,Charging Cable,Central,2023-11-19,D4,2023-11-19,Warranty Issue,In Progress,1.0,Key else its property.
1323,Headphones,East,"Nov 20, 2023",E5,"Nov 20, 2023",Late Delivery,Closed,10.0,Image tonight true sense.
1324,Bluetooth Speaker,West,21/11/2023,E5,21/11/2023,Defect,Pending,7.0,
1325,Charging Cable,Central,22/11/2023,D4,22/11/2023,Late Delivery,In Progress,1.0,
1326,Bluetooth Speaker,West,"Nov 23, 2023",B2,"Nov 23, 2023",Late Delivery,Closed,1.0,
1327,Bluetooth Speaker,North,"Nov 24, 2023",B2,"Nov 24, 2023",Defect,Pending,1.0,Make clear first concern.
1328,Charging Cable,West,"Nov 25, 2023",E5,"Nov 25, 2023",Late Delivery,Pending,5.0,
1329,Charging Cable,South,26/11/2023,E5,26/11/2023,Defect,Closed,1.0,
1330,Earbuds,South,"Nov 27, 2023",D4,"Nov 27, 2023",Warranty Issue,Pending,,
1331,Bluetooth Speaker,Central,28/11/2023,B2,28/11/2023,Late Delivery,Closed,,
1332,Soundbar,West,"Nov 29, 2023",E5,"Nov 29, 2023",Defect,In Progress,10.0,
1333,Bluetooth Speaker,Central,2023-11-30,B2,2023-11-30,Non-Functioning,Closed,7.0,Form whole reveal.
1334,Bluetooth Speaker,East,01/12/2023,E5,01/12/2023,Late Delivery,Pending,5.0,
1335,Charging Cable,South,02/12/2023,A1,02/12/2023,Warranty Issue,In Progress,10.0,
1336,Bluetooth Speaker,Central,2023-12-03,C3,2023-12-03,Defect,In Progress,,Important quickly country.
1337,Bluetooth Speaker,East,04/12/2023,A1,04/12/2023,Late Delivery,Resolved,5.0,
1338,Soundbar,Central,"Dec 05, 2023",E5,"Dec 05, 2023",Late Delivery,Resolved,5.0,
1339,Charging Cable,West,2023-12-06,C3,2023-12-06,Late Delivery,Pending,7.0,
1340,Bluetooth Speaker,West,07/12/2023,C3,07/12/2023,Warranty Issue,Closed,5.0,Visit pick give.
1341,Headphones,West,2023-12-08,E5,2023-12-08,Defect,Closed,1.0,Young tend foot citizen born.
1342,Earbuds,West,"Dec 09, 2023",E5,"Dec 09, 2023",Non-Functioning,Pending,5.0,
1343,Soundbar,North,"Dec 10, 2023",B2,"Dec 10, 2023",Non-Functioning,In Progress,7.0,
1344,Bluetooth Speaker,East,"Dec 11, 2023",E5,"Dec 11, 2023",Non-Functioning,Pending,10.0,
1345,Headphones,East,2023-12-12,D4,2023-12-12,Defect,Pending,7.0,
1346,Bluetooth Speaker,West,2023-12-13,E5,2023-12-13,Non-Functioning,In Progress,7.0,
1347,Bluetooth Speaker,North,14/12/2023,D4,14/12/2023,Warranty Issue,Closed,,
1348,Charging Cable,West,2023-12-15,E5,2023-12-15,Defect,Pending,1.0,
1349,Charging Cable,North,"Dec 16, 2023",B2,"Dec 16, 2023",Late Delivery,Closed,,
1350,Charging Cable,West,"Dec 17, 2023",D4,"Dec 17, 2023",Warranty Issue,Pending,10.0,
1351,Headphones,South,18/12/2023,A1,18/12/2023,Late Delivery,In Progress,3.0,
1352,Bluetooth Speaker,South,19/12/2023,D4,19/12/2023,Non-Functioning,In Progress,10.0,Model right power.
1353,Earbuds,Central,2023-12-20,B2,2023-12-20,Warranty Issue,Resolved,1.0,Us continue month stand.
1354,Soundbar,West,2023-12-21,D4,2023-12-21,Defect,In Progress,5.0,
1355,Charging Cable,East,22/12/2023,E5,22/12/2023,Warranty Issue,Resolved,7.0,
1356,Charging Cable,Central,23/12/2023,E5,23/12/2023,Late Delivery,Pending,3.0,
1357,Bluetooth Speaker,South,24/12/2023,B2,24/12/2023,Defect,Closed,1.0,
1358,Bluetooth Speaker,West,"Dec 25, 2023",C3,"Dec 25, 2023",Warranty Issue,In Progress,,
1359,Headphones,Central,2023-12-26,E5,2023-12-26,Warranty Issue,In Progress,7.0,Care no outside structure.
1360,Headphones,West,2023-12-27,A1,2023-12-27,Warranty Issue,In Progress,10.0,
1361,Charging Cable,South,28/12/2023,B2,28/12/2023,Warranty Issue,Pending,,Discuss hit mind him.
1362,Bluetooth Speaker,Central,29/12/2023,D4,29/12/2023,Defect,Resolved,1.0,
1363,Earbuds,South,30/12/2023,D4,30/12/2023,Late Delivery,Pending,1.0,Fall still husband knowledge.
1364,Soundbar,North,31/12/2023,A1,31/12/2023,Warranty Issue,Closed,10.0,
1365,Bluetooth Speaker,South,2024-01-01,E5,2024-01-01,Defect,Pending,3.0,
1366,Bluetooth Speaker,West,"Jan 02, 2024",B2,"Jan 02, 2024",Late Delivery,Closed,10.0,Air about risk agent.
1367,Headphones,East,"Jan 03, 2024",A1,"Jan 03, 2024",Warranty Issue,In Progress,5.0,
1368,Soundbar,South,04/01/2024,E5,04/01/2024,Late Delivery,Closed,,Recent economy true very.
1369,Charging Cable,East,2024-01-05,B2,2024-01-05,Late Delivery,Closed,3.0,
1370,Bluetooth Speaker,North,06/01/2024,D4,06/01/2024,Defect,Resolved,7.0,
1371,Charging Cable,Central,"Jan 07, 2024",B2,"Jan 07, 2024",Late Delivery,Closed,5.0,
1372,Bluetooth Speaker,Central,08/01/2024,C3,08/01/2024,Defect,Closed,3.0,
1373,Charging Cable,East,"Jan 09, 2024",B2,"Jan 09, 2024",Warranty Issue,Pending,,Ok bit or whom to what.
1374,Soundbar,Central,10/01/2024,C3,10/01/2024,Late Delivery,In Progress,1.0,Rise weight machine.
1375,Headphones,South,2024-01-11,B2,2024-01-11,Late Delivery,Pending,7.0,
1376,Soundbar,East,12/01/2024,C3,12/01/2024,Non-Functioning,Pending,10.0,
1377,Earbuds,West,13/01/2024,D4,13/01/2024,Warranty Issue,In Progress,,
1378,Headphones,South,"Jan 14, 2024",E5,"Jan 14, 2024",Warranty Issue,In Progress,5.0,Thus point positive upon.
1379,Soundbar,South,2024-01-15,C3,2024-01-15,Non-Functioning,Closed,5.0,
1380,Earbuds,South,2024-01-16,C3,2024-01-16,Non-Functioning,Closed,1.0,
1381,Bluetooth Speaker,West,"Jan 17, 2024",D4,"Jan 17, 2024",Defect,Resolved,1.0,Treatment mean hour.
1382,Bluetooth Speaker,North,18/01/2024,C3,18/01/2024,Defect,Pending,7.0,
1383,Charging Cable,Central,19/01/2024,A1,19/01/2024,Late Delivery,In Progress,10.0,
1384,Headphones,East,"Jan 20, 2024",D4,"Jan 20, 2024",Late Delivery,Closed,7.0,Deal choice do become.
1385,Bluetooth Speaker,North,2024-01-21,A1,2024-01-21,Late Delivery,In Progress,1.0,
1386,Headphones,East,"Jan 22, 2024",D4,"Jan 22, 2024",Late Delivery,Closed,1.0,
1387,Bluetooth Speaker,Central,"Jan 23, 2024",C3,"Jan 23, 2024",Defect,Resolved,5.0,
1388,Charging Cable,West,24/01/2024,A1,24/01/2024,Warranty Issue,Resolved,1.0,Want whole western.
1389,Soundbar,South,25/01/2024,C3,25/01/2024,Late Delivery,In Progress,3.0,
1390,Charging Cable,South,2024-01-26,D4,2024-01-26,Warranty Issue,Resolved,,
1391,Earbuds,West,27/01/2024,C3,27/01/2024,Late Delivery,In Progress,1.0,
1392,Bluetooth Speaker,North,"Jan 28, 2024",A1,"Jan 28, 2024",Non-Functioning,Closed,7.0,
1393,Earbuds,North,2024-01-29,A1,2024-01-29,Late Delivery,Pending,10.0,
1394,Earbuds,East,2024-01-30,C3,2024-01-30,Late Delivery,Resolved,10.0,
1395,Headphones,West,"Jan 31, 2024",B2,"Jan 31, 2024",Late Delivery,Closed,10.0,
1396,Bluetooth Speaker,North,"Feb 01, 2024",D4,"Feb 01, 2024",Defect,Pending,3.0,
1397,Earbuds,West,2024-02-02,D4,2024-02-02,Non-Functioning,Pending,7.0,
1398,Soundbar,Central,03/02/2024,C3,03/02/2024,Late Delivery,Pending,3.0,
1399,Earbuds,South,"Feb 04, 2024",B2,"Feb 04, 2024",Late Delivery,Closed,1.0,
1400,Soundbar,South,05/02/2024,A1,05/02/2024,Warranty Issue,Closed,,Level lot career your.
1401,Headphones,South,06/02/2024,E5,06/02/2024,Non-Functioning,In Progress,10.0,
1402,Earbuds,West,07/02/2024,E5,07/02/2024,Late Delivery,Pending,7.0,Every sure when country tax.
1403,Charging Cable,West,2024-02-08,C3,2024-02-08,Warranty Issue,Pending,10.0,
1404,Headphones,East,2024-02-09,B2,2024-02-09,Warranty Issue,Pending,3.0,
1405,Soundbar,South,2024-02-10,B2,2024-02-10,Defect,In Progress,5.0,
1406,Headphones,East,2024-02-11,D4,2024-02-11,Warranty Issue,Pending,1.0,
1407,Earbuds,South,2024-02-12,A1,2024-02-12,Late Delivery,Closed,,
1408,Bluetooth Speaker,East,13/02/2024,B2,13/02/2024,Defect,Pending,1.0,Animal fast improve south.
1409,Bluetooth Speaker,East,14/02/2024,E5,14/02/2024,Defect,Resolved,5.0,East might guy change page.
1410,Soundbar,Central,15/02/2024,A1,15/02/2024,Late Delivery,Closed,,Seem only whatever.
1411,Soundbar,East,16/02/2024,A1,16/02/2024,Non-Functioning,In Progress,5.0,
1412,Bluetooth Speaker,West,2024-02-17,C3,2024-02-17,Warranty Issue,Pending,1.0,Often reduce glass.
1413,Soundbar,East,18/02/2024,B2,18/02/2024,Defect,Resolved,3.0,Eight help between low.
1414,Headphones,South,"Feb 19, 2024",C3,"Feb 19, 2024",Non-Functioning,In Progress,1.0,
1415,Charging Cable,East,"Feb 20, 2024",B2,"Feb 20, 2024",Late Delivery,In Progress,1.0,Approach second body.
1416,Charging Cable,North,2024-02-21,D4,2024-02-21,Warranty Issue,Closed,1.0,
1417,Headphones,South,22/02/2024,C3,22/02/2024,Warranty Issue,In Progress,7.0,
1418,Charging Cable,North,"Feb 23, 2024",C3,"Feb 23, 2024",Defect,In Progress,5.0,Way entire more far.
1419,Earbuds,South,24/02/2024,E5,24/02/2024,Warranty Issue,In Progress,5.0,
1420,Headphones,West,"Feb 25, 2024",C3,"Feb 25, 2024",Warranty Issue,In Progress,10.0,
1421,Soundbar,West,"Feb 26, 2024",B2,"Feb 26, 2024",Warranty Issue,Pending,5.0,
1422,Headphones,West,"Feb 27, 2024",E5,"Feb 27, 2024",Warranty Issue,Pending,10.0,
1423,Bluetooth Speaker,North,2024-02-28,C3,2024-02-28,Late Delivery,Pending,7.0,
1424,Soundbar,Central,2024-02-29,C3,2024-02-29,Non-Functioning,Pending,3.0,
1425,Bluetooth Speaker,South,01/03/2024,D4,01/03/2024,Late Delivery,Resolved,10.0,Need follow bag term cause.
1426,Soundbar,West,02/03/2024,C3,02/03/2024,Late Delivery,Pending,1.0,
1427,Charging Cable,South,"Mar 03, 2024",A1,"Mar 03, 2024",Defect,In Progress,3.0,Me hand make arrive.
1428,Headphones,North,2024-03-04,E5,2024-03-04,Warranty Issue,Pending,7.0,Blood magazine stop line.
1429,Earbuds,Central,2024-03-05,A1,2024-03-05,Late Delivery,Pending,5.0,Though tonight that.
1430,Soundbar,North,2024-03-06,E5,2024-03-06,Warranty Issue,Closed,10.0,
1431,Soundbar,South,2024-03-07,D4,2024-03-07,Late Delivery,In Progress,1.0,Shoulder TV despite.
1432,Bluetooth Speaker,Central,"Mar 08, 2024",C3,"Mar 08, 2024",Late Delivery,Pending,,Rather social get past.
1433,Charging Cable,Central,"Mar 09, 2024",C3,"Mar 09, 2024",Defect,Pending,,
1434,Bluetooth Speaker,North,2024-03-10,C3,2024-03-10,Non-Functioning,Pending,3.0,Former policy case.
1435,Bluetooth Speaker,West,"Mar 11, 2024",E5,"Mar 11, 2024",Non-Functioning,Resolved,5.0,
1436,Charging Cable,South,12/03/2024,C3,12/03/2024,Late Delivery,Pending,,
1437,Earbuds,East,"Mar 13, 2024",A1,"Mar 13, 2024",Defect,Closed,3.0,Clear wish pattern learn.
1438,Bluetooth Speaker,East,"Mar 14, 2024",C3,"Mar 14, 2024",Warranty Issue,In Progress,7.0,
1439,Bluetooth Speaker,North,15/03/2024,D4,15/03/2024,Warranty Issue,In Progress,3.0,
1440,Soundbar,South,16/03/2024,A1,16/03/2024,Late Delivery,Pending,3.0,
1441,Charging Cable,South,17/03/2024,C3,17/03/2024,Non-Functioning,Pending,3.0,
1442,Headphones,North,2024-03-18,C3,2024-03-18,Defect,Pending,1.0,
1443,Earbuds,South,2024-03-19,B2,2024-03-19,Non-Functioning,In Progress,3.0,Deep treat upon attention.
1444,Earbuds,West,20/03/2024,E5,20/03/2024,Warranty Issue,In Progress,10.0,
1445,Charging Cable,North,21/03/2024,A1,21/03/2024,Non-Functioning,Resolved,3.0,
1446,Soundbar,West,"Mar 22, 2024",B2,"Mar 22, 2024",Warranty Issue,Closed,1.0,Class chair audience bit.
1447,Soundbar,South,2024-03-23,D4,2024-03-23,Defect,Resolved,1.0,
1448,Charging Cable,North,"Mar 24, 2024",E5,"Mar 24, 2024",Defect,Closed,7.0,
1449,Soundbar,South,25/03/2024,A1,25/03/2024,Late Delivery,Resolved,5.0,Human president trouble.
1450,Earbuds,North,26/03/2024,C3,26/03/2024,Late Delivery,In Progress,,Own before seek some.
1451,Earbuds,South,27/03/2024,A1,27/03/2024,Non-Functioning,Resolved,,
1452,Headphones,West,2024-03-28,C3,2024-03-28,Defect,Closed,3.0,
1453,Charging Cable,West,"Mar 29, 2024",E5,"Mar 29, 2024",Defect,Pending,7.0,
1454,Bluetooth Speaker,South,30/03/2024,C3,30/03/2024,Late Delivery,Closed,3.0,Though involve trip.
1455,Bluetooth Speaker,North,2024-03-31,D4,2024-03-31,Warranty Issue,Pending,,Door do on.
1456,Headphones,East,2024-04-01,C3,2024-04-01,Non-Functioning,In Progress,1.0,Join pick much task.
1457,Headphones,West,02/04/2024,D4,02/04/2024,Non-Functioning,Closed,5.0,Bring own local country.
1458,Soundbar,West,03/04/2024,E5,03/04/2024,Late Delivery,Resolved,7.0,Major spring significant.
1459,Headphones,East,2024-04-04,E5,2024-04-04,Defect,Closed,1.0,
1460,Headphones,South,"Apr 05, 2024",A1,"Apr 05, 2024",Late Delivery,Pending,5.0,Edge information when.
1461,Bluetooth Speaker,North,"Apr 06, 2024",D4,"Apr 06, 2024",Late Delivery,In Progress,7.0,
1462,Soundbar,South,07/04/2024,D4,07/04/2024,Late Delivery,Resolved,7.0,Sister hotel myself star.
1463,Headphones,Central,08/04/2024,B2,08/04/2024,Late Delivery,Closed,,Bit partner culture.
1464,Headphones,West,2024-04-09,B2,2024-04-09,Warranty Issue,Pending,1.0,
1465,Soundbar,Central,10/04/2024,B2,10/04/2024,Warranty Issue,Resolved,7.0,
1466,Charging Cable,West,2024-04-11,C3,2024-04-11,Defect,In Progress,10.0,
1467,Soundbar,West,12/04/2024,B2,12/04/2024,Late Delivery,Resolved,7.0,Skin adult program.
1468,Bluetooth Speaker,Central,13/04/2024,D4,13/04/2024,Warranty Issue,In Progress,5.0,
1469,Charging Cable,Central,14/04/2024,C3,14/04/2024,Defect,Resolved,,Kind area thing.
1470,Earbuds,South,"Apr 15, 2024",E5,"Apr 15, 2024",Late Delivery,Closed,3.0,Trial word enter rise.
1471,Soundbar,Central,2024-04-16,A1,2024-04-16,Non-Functioning,Pending,,
1472,Bluetooth Speaker,South,"Apr 17, 2024",B2,"Apr 17, 2024",Warranty Issue,Closed,3.0,Cup even position own.
1473,Charging Cable,South,2024-04-18,E5,2024-04-18,Defect,Closed,1.0,Trip kid pretty dark.
1474,Soundbar,South,2024-04-19,D4,2024-04-19,Non-Functioning,In Progress,1.0,
1475,Headphones,West,2024-04-20,A1,2024-04-20,Late Delivery,In Progress,7.0,
1476,Soundbar,West,21/04/2024,E5,21/04/2024,Late Delivery,In Progress,10.0,Several success go we.
1477,Earbuds,Central,2024-04-22,A1,2024-04-22,Late Delivery,Closed,1.0,Church boy nice treat.
1478,Soundbar,West,"Apr 23, 2024",B2,"Apr 23, 2024",Warranty Issue,Resolved,7.0,
1479,Charging Cable,Central,24/04/2024,D4,24/04/2024,Defect,Resolved,,
1480,Charging Cable,West,25/04/2024,A1,25/04/2024,Non-Functioning,Closed,1.0,
1481,Soundbar,North,"Apr 26, 2024",E5,"Apr 26, 2024",Defect,Closed,,
1482,Charging Cable,North,27/04/2024,B2,27/04/2024,Warranty Issue,Pending,,Born support sea involve.
1483,Headphones,Central,"Apr 28, 2024",B2,"Apr 28, 2024",Defect,In Progress,10.0,
1484,Soundbar,West,"Apr 29, 2024",E5,"Apr 29, 2024",Warranty Issue,In Progress,1.0,Rate hotel thing feeling.
1485,Headphones,West,2024-04-30,E5,2024-04-30,Late Delivery,Closed,,Us far least raise always.
1486,Headphones,South,2024-05-01,A1,2024-05-01,Non-Functioning,Closed,10.0,
1487,Bluetooth Speaker,East,"May 02, 2024",C3,"May 02, 2024",Late Delivery,Resolved,10.0,Particular fast in middle.
1488,Soundbar,Central,03/05/2024,B2,03/05/2024,Defect,Closed,1.0,Adult win back still.
1489,Charging Cable,East,2024-05-04,A1,2024-05-04,Late Delivery,Resolved,10.0,
1490,Headphones,East,2024-05-05,E5,2024-05-05,Non-Functioning,Closed,1.0,
1491,Bluetooth Speaker,Central,2024-05-06,A1,2024-05-06,Late Delivery,Pending,1.0,Among during fine training.
1492,Soundbar,West,2024-05-07,E5,2024-05-07,Non-Functioning,Pending,3.0,High education music region.
1493,Soundbar,Central,08/05/2024,D4,08/05/2024,Non-Functioning,Resolved,,
1494,Earbuds,East,09/05/2024,E5,09/05/2024,Late Delivery,In Progress,5.0,
1495,Earbuds,West,2024-05-10,E5,2024-05-10,Warranty Issue,Pending,1.0,
1496,Headphones,North,"May 11, 2024",E5,"May 11, 2024",Defect,Resolved,,
1497,Earbuds,Central,12/05/2024,C3,12/05/2024,Warranty Issue,Closed,10.0,Beyond box future heavy few.
1498,Headphones,Central,"May 13, 2024",E5,"May 13, 2024",Warranty Issue,Closed,7.0,
1499,Charging Cable,West,"May 14, 2024",B2,"May 14, 2024",Late Delivery,Resolved,1.0,Offer time conference hand.
1500,Headphones,North,15/05/2024,B2,15/05/2024,Defect,In Progress,10.0,Election theory develop.
1501,Earbuds,North,2024-05-16,A1,2024-05-16,Defect,Resolved,10.0,
1502,Charging Cable,West,2024-05-17,C3,2024-05-17,Warranty Issue,Resolved,10.0,
1503,Earbuds,South,18/05/2024,A1,18/05/2024,Late Delivery,Pending,10.0,Part opportunity yard such.
1504,Headphones,Central,19/05/2024,B2,19/05/2024,Defect,Resolved,10.0,
1505,Bluetooth Speaker,Central,20/05/2024,B2,20/05/2024,Warranty Issue,Resolved,1.0,Something four law happen.
1506,Soundbar,East,21/05/2024,D4,21/05/2024,Defect,Closed,5.0,Happy opportunity operation.
1507,Earbuds,West,"May 22, 2024",E5,"May 22, 2024",Late Delivery,Pending,3.0,
1508,Headphones,East,2024-05-23,B2,2024-05-23,Late Delivery,Closed,10.0,
1509,Charging Cable,East,"May 24, 2024",A1,"May 24, 2024",Late Delivery,Closed,10.0,Weight current remain I age.
1510,Earbuds,North,25/05/2024,A1,25/05/2024,Defect,In Progress,3.0,
1511,Earbuds,Central,26/05/2024,E5,26/05/2024,Non-Functioning,In Progress,1.0,Middle wife partner suffer.
1512,Soundbar,East,"May 27, 2024",E5,"May 27, 2024",Defect,Pending,,Wide memory for.
1513,Headphones,North,2024-05-28,D4,2024-05-28,Non-Functioning,Pending,7.0,Job be guy indeed.
1514,Bluetooth Speaker,West,29/05/2024,C3,29/05/2024,Late Delivery,In Progress,7.0,Recently now glass year form.
1515,Charging Cable,East,"May 30, 2024",A1,"May 30, 2024",Warranty Issue,In Progress,,
1516,Headphones,Central,31/05/2024,E5,31/05/2024,Non-Functioning,In Progress,1.0,
1517,Charging Cable,East,2024-06-01,A1,2024-06-01,Late Delivery,In Progress,7.0,
1518,Earbuds,West,02/06/2024,E5,02/06/2024,Late Delivery,In Progress,3.0,
1519,Soundbar,East,"Jun 03, 2024",B2,"Jun 03, 2024",Non-Functioning,Closed,,
1520,Soundbar,Central,2024-06-04,A1,2024-06-04,Warranty Issue,Pending,5.0,
1521,Bluetooth Speaker,North,"Jun 05, 2024",B2,"Jun 05, 2024",Late Delivery,Closed,1.0,
1522,Soundbar,Central,"Jun 06, 2024",A1,"Jun 06, 2024",Non-Functioning,Closed,,Field somebody right fill.
1523,Earbuds,North,2024-06-07,C3,2024-06-07,Warranty Issue,Resolved,7.0,
1524,Bluetooth Speaker,South,"Jun 08, 2024",D4,"Jun 08, 2024",Warranty Issue,Closed,1.0,Serious size ability.
1525,Headphones,Central,2024-06-09,B2,2024-06-09,Late Delivery,In Progress,3.0,Recognize protect prove.
1526,Soundbar,Central,"Jun 10, 2024",E5,"Jun 10, 2024",Defect,In Progress,1.0,
1527,Bluetooth Speaker,West,"Jun 11, 2024",C3,"Jun 11, 2024",Defect,Resolved,1.0,
1528,Earbuds,East,12/06/2024,A1,12/06/2024,Late Delivery,Resolved,3.0,Figure chance crime receive.
1529,Charging Cable,North,13/06/2024,B2,13/06/2024,Warranty Issue,Resolved,10.0,
1530,Charging Cable,North,14/06/2024,A1,14/06/2024,Late Delivery,Resolved,3.0,Simply add past cup voice do.
1531,Earbuds,West,15/06/2024,A1,15/06/2024,Non-Functioning,Resolved,1.0,Follow seven cell same.
1532,Earbuds,West,"Jun 16, 2024",A1,"Jun 16, 2024",Defect,Closed,3.0,Set laugh those second turn.
1533,Charging Cable,East,"Jun 17, 2024",D4,"Jun 17, 2024",Non-Functioning,Resolved,10.0,Hope parent certain blue.
1534,Bluetooth Speaker,East,"Jun 18, 2024",D4,"Jun 18, 2024",Late Delivery,Closed,,College focus wait.
1535,Charging Cable,Central,2024-06-19,E5,2024-06-19,Late Delivery,Pending,3.0,Bad occur gun realize.
1536,Earbuds,South,2024-06-20,B2,2024-06-20,Warranty Issue,Resolved,3.0,Win never strong last.
1537,Soundbar,East,"Jun 21, 2024",C3,"Jun 21, 2024",Warranty Issue,Resolved,1.0,
1538,Headphones,West,"Jun 22, 2024",C3,"Jun 22, 2024",Warranty Issue,Closed,,
1539,Soundbar,East,"Jun 23, 2024",C3,"Jun 23, 2024",Non-Functioning,Pending,5.0,
1540,Soundbar,North,"Jun 24, 2024",A1,"Jun 24, 2024",Warranty Issue,Closed,5.0,
1541,Earbuds,South,"Jun 25, 2024",D4,"Jun 25, 2024",Late Delivery,Closed,7.0,
1542,Charging Cable,Central,26/06/2024,B2,26/06/2024,Warranty Issue,Resolved,3.0,
1543,Bluetooth Speaker,North,"Jun 27, 2024",A1,"Jun 27, 2024",Defect,In Progress,3.0,Decade trade human without.
1544,Soundbar,North,2024-06-28,D4,2024-06-28,Warranty Issue,In Progress,,Degree people push listen.
1545,Charging Cable,South,"Jun 29, 2024",D4,"Jun 29, 2024",Non-Functioning,Closed,10.0,
1546,Bluetooth Speaker,Central,30/06/2024,B2,30/06/2024,Defect,Resolved,5.0,
1547,Soundbar,West,01/07/2024,B2,01/07/2024,Defect,Pending,7.0,Draw while listen focus foot.
1548,Bluetooth Speaker,Central,2024-07-02,B2,2024-07-02,Defect,In Progress,,
1549,Charging Cable,East,2024-07-03,A1,2024-07-03,Non-Functioning,Pending,3.0,Clear order remain game.
1550,Headphones,North,"Jul 04, 2024",E5,"Jul 04, 2024",Late Delivery,In Progress,5.0,First foot mention stop.
1551,Charging Cable,East,2024-07-05,B2,2024-07-05,Warranty Issue,Resolved,7.0,Structure federal small.
1552,Earbuds,West,"Jul 06, 2024",E5,"Jul 06, 2024",Defect,Closed,1.0,
1553,Bluetooth Speaker,East,2024-07-07,A1,2024-07-07,Defect,Pending,5.0,
1554,Headphones,Central,08/07/2024,E5,08/07/2024,Defect,Pending,7.0,
1555,Bluetooth Speaker,East,2024-07-09,C3,2024-07-09,Late Delivery,Closed,,Left perform matter.
1556,Bluetooth Speaker,West,"Jul 10, 2024",E5,"Jul 10, 2024",Late Delivery,Pending,1.0,Store million away candidate.
1557,Soundbar,West,"Jul 11, 2024",B2,"Jul 11, 2024",Non-Functioning,In Progress,7.0,
1558,Earbuds,West,"Jul 12, 2024",A1,"Jul 12, 2024",Late Delivery,Closed,7.0,Cause serve some education.
1559,Bluetooth Speaker,Central,"Jul 13, 2024",B2,"Jul 13, 2024",Warranty Issue,In Progress,3.0,
1560,Charging Cable,West,14/07/2024,C3,14/07/2024,Non-Functioning,In Progress,10.0,
1561,Charging Cable,North,2024-07-15,B2,2024-07-15,Non-Functioning,Resolved,5.0,
1562,Soundbar,West,2024-07-16,B2,2024-07-16,Warranty Issue,In Progress,3.0,
1563,Earbuds,East,17/07/2024,B2,17/07/2024,Warranty Issue,Resolved,1.0,Second worry above outside.
1564,Earbuds,East,"Jul 18, 2024",D4,"Jul 18, 2024",Warranty Issue,Pending,10.0,
1565,Charging Cable,East,19/07/2024,C3,19/07/2024,Non-Functioning,Pending,7.0,
1566,Headphones,Central,2024-07-20,B2,2024-07-20,Non-Functioning,Resolved,3.0,Develop bag left four.
1567,Soundbar,East,2024-07-21,B2,2024-07-21,Non-Functioning,In Progress,10.0,Picture down friend remember.
1568,Soundbar,Central,"Jul 22, 2024",B2,"Jul 22, 2024",Warranty Issue,Closed,5.0,
1569,Charging Cable,Central,"Jul 23, 2024",A1,"Jul 23, 2024",Warranty Issue,Closed,1.0,West sometimes budget level.
1570,Charging Cable,West,2024-07-24,D4,2024-07-24,Defect,Resolved,,Always low how include.
1571,Headphones,North,25/07/2024,A1,25/07/2024,Late Delivery,Pending,3.0,
1572,Headphones,West,"Jul 26, 2024",D4,"Jul 26, 2024",Defect,Pending,1.0,
1573,Earbuds,West,2024-07-27,B2,2024-07-27,Warranty Issue,Closed,,
1574,Soundbar,Central,2024-07-28,C3,2024-07-28,Non-Functioning,Resolved,3.0,
1575,Soundbar,Central,2024-07-29,E5,2024-07-29,Warranty Issue,Closed,1.0,Artist game sea sport land.
1576,Charging Cable,East,30/07/2024,E5,30/07/2024,Late Delivery,In Progress,1.0,
1577,Earbuds,East,31/07/2024,B2,31/07/2024,Defect,In Progress,10.0,
1578,Soundbar,West,2024-08-01,A1,2024-08-01,Defect,Resolved,3.0,
1579,Earbuds,South,2024-08-02,C3,2024-08-02,Non-Functioning,Resolved,1.0,Author with finish note.
1580,Earbuds,South,"Aug 03, 2024",D4,"Aug 03, 2024",Defect,In Progress,7.0,
1581,Charging Cable,East,2024-08-04,B2,2024-08-04,Defect,Pending,3.0,
1582,Earbuds,South,05/08/2024,C3,05/08/2024,Warranty Issue,Resolved,1.0,
1583,Headphones,East,2024-08-06,C3,2024-08-06,Defect,In Progress,10.0,
1584,Headphones,Central,2024-08-07,D4,2024-08-07,Defect,In Progress,,
1585,Bluetooth Speaker,West,"Aug 08, 2024",C3,"Aug 08, 2024",Defect,Pending,,Standard return could.
1586,Charging Cable,North,2024-08-09,A1,2024-08-09,Non-Functioning,Pending,7.0,
1587,Bluetooth Speaker,West,2024-08-10,A1,2024-08-10,Non-Functioning,Pending,3.0,
1588,Headphones,East,"Aug 11, 2024",A1,"Aug 11, 2024",Warranty Issue,Pending,10.0,
1589,Bluetooth Speaker,East,"Aug 12, 2024",C3,"Aug 12, 2024",Defect,Closed,1.0,
1590,Charging Cable,West,2024-08-13,A1,2024-08-13,Non-Functioning,Pending,1.0,Story store stage speak.
1591,Charging Cable,East,2024-08-14,D4,2024-08-14,Non-Functioning,Closed,,Enter will firm work.
1592,Earbuds,South,2024-08-15,C3,2024-08-15,Warranty Issue,Resolved,10.0,
1593,Soundbar,South,16/08/2024,E5,16/08/2024,Late Delivery,In Progress,7.0,
1594,Earbuds,East,17/08/2024,C3,17/08/2024,Defect,Closed,,Grow statement service.
1595,Charging Cable,East,"Aug 18, 2024",D4,"Aug 18, 2024",Non-Functioning,Resolved,,
1596,Headphones,South,19/08/2024,E5,19/08/2024,Warranty Issue,Resolved,7.0,
1597,Headphones,East,"Aug 20, 2024",C3,"Aug 20, 2024",Warranty Issue,Closed,3.0,
1598,Earbuds,East,2024-08-21,A1,2024-08-21,Warranty Issue,Resolved,1.0,Worker picture together pay.
1599,Charging Cable,West,22/08/2024,B2,22/08/2024,Non-Functioning,Resolved,3.0,
1600,Headphones,North,23/08/2024,B2,23/08/2024,Defect,Closed,10.0,
1601,Charging Cable,South,"Aug 24, 2024",A1,"Aug 24, 2024",Late Delivery,Resolved,5.0,
1602,Headphones,West,"Aug 25, 2024",B2,"Aug 25, 2024",Defect,Pending,5.0,President option do deep say.
1603,Charging Cable,North,2024-08-26,B2,2024-08-26,Warranty Issue,Pending,5.0,
1604,Bluetooth Speaker,East,27/08/2024,A1,27/08/2024,Warranty Issue,In Progress,7.0,
1605,Charging Cable,East,28/08/2024,A1,28/08/2024,Late Delivery,Resolved,,Mission threat enjoy finish.
1606,Charging Cable,West,29/08/2024,C3,29/08/2024,Defect,In Progress,3.0,Second human open.
1607,Earbuds,East,2024-08-30,C3,2024-08-30,Warranty Issue,Pending,1.0,
1608,Bluetooth Speaker,Central,31/08/2024,A1,31/08/2024,Warranty Issue,Pending,5.0,
1609,Soundbar,West,"Sep 01, 2024",D4,"Sep 01, 2024",Defect,Pending,3.0,
1610,Earbuds,North,02/09/2024,B2,02/09/2024,Warranty Issue,Resolved,5.0,Later view new front.
1611,Soundbar,West,03/09/2024,C3,03/09/2024,Defect,Resolved,5.0,
1612,Headphones,South,"Sep 04, 2024",B2,"Sep 04, 2024",Warranty Issue,Pending,1.0,
1613,Soundbar,West,"Sep 05, 2024",E5,"Sep 05, 2024",Defect,In Progress,10.0,
1614,Charging Cable,East,"Sep 06, 2024",A1,"Sep 06, 2024",Late Delivery,In Progress,10.0,Ever at sit choice suggest.
1615,Soundbar,East,07/09/2024,D4,07/09/2024,Warranty Issue,Closed,10.0,Artist term everyone some.
1616,Earbuds,Central,08/09/2024,E5,08/09/2024,Late Delivery,Pending,7.0,
1617,Earbuds,Central,2024-09-09,E5,2024-09-09,Warranty Issue,In Progress,,
1618,Soundbar,Central,10/09/2024,E5,10/09/2024,Warranty Issue,Pending,7.0,Forward rule home.
1619,Earbuds,North,2024-09-11,A1,2024-09-11,Non-Functioning,In Progress,3.0,
1620,Earbuds,Central,"Sep 12, 2024",C3,"Sep 12, 2024",Defect,Closed,7.0,
1621,Soundbar,North,13/09/2024,A1,13/09/2024,Late Delivery,Closed,3.0,Base source military on.
1622,Bluetooth Speaker,Central,14/09/2024,C3,14/09/2024,Late Delivery,Pending,3.0,
1623,Bluetooth Speaker,North,2024-09-15,E5,2024-09-15,Late Delivery,In Progress,,
1624,Headphones,West,"Sep 16, 2024",E5,"Sep 16, 2024",Defect,Resolved,1.0,No would detail dark.
1625,Earbuds,West,17/09/2024,D4,17/09/2024,Non-Functioning,Closed,,Third role perform indeed.
1626,Soundbar,East,"Sep 18, 2024",C3,"Sep 18, 2024",Late Delivery,Pending,10.0,
1627,Earbuds,North,2024-09-19,E5,2024-09-19,Defect,Pending,10.0,
1628,Charging Cable,South,"Sep 20, 2024",B2,"Sep 20, 2024",Warranty Issue,In Progress,7.0,
1629,Earbuds,East,21/09/2024,D4,21/09/2024,Late Delivery,Pending,3.0,Say method no.
1630,Earbuds,West,2024-09-22,A1,2024-09-22,Late Delivery,Closed,5.0,
1631,Bluetooth Speaker,North,23/09/2024,D4,23/09/2024,Non-Functioning,Pending,5.0,
1632,Soundbar,Central,2024-09-24,B2,2024-09-24,Late Delivery,Pending,3.0,
1633,Earbuds,South,2024-09-25,C3,2024-09-25,Late Delivery,Resolved,,
1634,Bluetooth Speaker,West,2024-09-26,A1,2024-09-26,Warranty Issue,Resolved,1.0,
1635,Headphones,East,27/09/2024,A1,27/09/2024,Defect,Closed,,
1636,Bluetooth Speaker,North,"Sep 28, 2024",C3,"Sep 28, 2024",Defect,In Progress,3.0,Energy deep herself time.
1637,Bluetooth Speaker,South,29/09/2024,D4,29/09/2024,Non-Functioning,Resolved,3.0,
1638,Bluetooth Speaker,North,30/09/2024,E5,30/09/2024,Warranty Issue,In Progress,1.0,Accept modern third.
1639,Earbuds,Central,"Oct 01, 2024",D4,"Oct 01, 2024",Defect,Closed,7.0,Guess respond answer him.
1640,Earbuds,East,02/10/2024,B2,02/10/2024,Warranty Issue,Resolved,7.0,
1641,Headphones,North,03/10/2024,E5,03/10/2024,Defect,In Progress,1.0,Create serve become billion.
1642,Charging Cable,West,"Oct 04, 2024",D4,"Oct 04, 2024",Warranty Issue,Resolved,7.0,White language theory though.
1643,Charging Cable,East,"Oct 05, 2024",C3,"Oct 05, 2024",Non-Functioning,Closed,5.0,
1644,Charging Cable,West,06/10/2024,B2,06/10/2024,Late Delivery,Closed,7.0,
1645,Headphones,North,"Oct 07, 2024",B2,"Oct 07, 2024",Non-Functioning,Resolved,7.0,
1646,Charging Cable,East,2024-10-08,B2,2024-10-08,Defect,In Progress,7.0,
1647,Charging Cable,West,2024-10-09,E5,2024-10-09,Non-Functioning,Pending,5.0,
1648,Bluetooth Speaker,Central,2024-10-10,A1,2024-10-10,Late Delivery,Pending,7.0,Call scientist on property.
1649,Earbuds,Central,"Oct 11, 2024",E5,"Oct 11, 2024",Non-Functioning,Resolved,10.0,
1650,Earbuds,North,"Oct 12, 2024",D4,"Oct 12, 2024",Defect,In Progress,5.0,Baby movement table maintain.
1651,Bluetooth Speaker,East,13/10/2024,A1,13/10/2024,Defect,Pending,1.0,Around try later question.
1652,Bluetooth Speaker,South,"Oct 14, 2024",D4,"Oct 14, 2024",Non-Functioning,Closed,,
1653,Bluetooth Speaker,East,15/10/2024,A1,15/10/2024,Late Delivery,In Progress,1.0,
1654,Earbuds,Central,"Oct 16, 2024",E5,"Oct 16, 2024",Non-Functioning,Pending,,North wait discover our why.
1655,Charging Cable,West,2024-10-17,B2,2024-10-17,Late Delivery,In Progress,1.0,
1656,Bluetooth Speaker,South,2024-10-18,C3,2024-10-18,Warranty Issue,Resolved,10.0,
1657,Headphones,North,2024-10-19,B2,2024-10-19,Late Delivery,In Progress,,However center ability.
1658,Bluetooth Speaker,South,20/10/2024,E5,20/10/2024,Warranty Issue,Pending,,
1659,Soundbar,North,21/10/2024,A1,21/10/2024,Non-Functioning,Resolved,3.0,
1660,Bluetooth Speaker,South,22/10/2024,B2,22/10/2024,Late Delivery,In Progress,,
1661,Earbuds,North,2024-10-23,E5,2024-10-23,Warranty Issue,Closed,,Congress positive recently.
1662,Bluetooth Speaker,North,2024-10-24,D4,2024-10-24,Warranty Issue,Pending,3.0,
1663,Soundbar,South,25/10/2024,C3,25/10/2024,Warranty Issue,Resolved,7.0,
1664,Headphones,South,26/10/2024,B2,26/10/2024,Defect,In Progress,7.0,
1665,Charging Cable,North,2024-10-27,A1,2024-10-27,Non-Functioning,Closed,3.0,
1666,Bluetooth Speaker,Central,2024-10-28,D4,2024-10-28,Warranty Issue,Pending,5.0,College their night any.
1667,Soundbar,South,"Oct 29, 2024",E5,"Oct 29, 2024",Late Delivery,Closed,,They data sing short.
1668,Soundbar,East,"Oct 30, 2024",C3,"Oct 30, 2024",Warranty Issue,In Progress,,
1669,Headphones,West,31/10/2024,A1,31/10/2024,Defect,In Progress,3.0,
1670,Earbuds,North,01/11/2024,E5,01/11/2024,Non-Functioning,Resolved,3.0,
1671,Bluetooth Speaker,North,"Nov 02, 2024",E5,"Nov 02, 2024",Defect,Closed,5.0,
1672,Soundbar,West,2024-11-03,B2,2024-11-03,Defect,Resolved,10.0,Author eight fight bar walk.
1673,Headphones,Central,04/11/2024,B2,04/11/2024,Defect,Pending,7.0,Oil able seven boy.
1674,Charging Cable,West,05/11/2024,A1,05/11/2024,Late Delivery,Resolved,1.0,Two another program grow it.
1675,Soundbar,South,06/11/2024,E5,06/11/2024,Non-Functioning,Pending,10.0,Democratic war court and.
1676,Headphones,West,07/11/2024,B2,07/11/2024,Non-Functioning,In Progress,7.0,Push sometimes wish move.
1677,Earbuds,North,2024-11-08,C3,2024-11-08,Late Delivery,In Progress,,
1678,Earbuds,West,"Nov 09, 2024",C3,"Nov 09, 2024",Non-Functioning,Closed,10.0,
1679,Soundbar,East,2024-11-10,E5,2024-11-10,Defect,Pending,3.0,Against must talk play wind.
1680,Soundbar,South,"Nov 11, 2024",B2,"Nov 11, 2024",Non-Functioning,In Progress,5.0,
1681,Bluetooth Speaker,West,"Nov 12, 2024",A1,"Nov 12, 2024",Late Delivery,Closed,7.0,
1682,Headphones,North,13/11/2024,A1,13/11/2024,Defect,Closed,5.0,
1683,Soundbar,South,"Nov 14, 2024",A1,"Nov 14, 2024",Late Delivery,Resolved,7.0,
1684,Bluetooth Speaker,North,15/11/2024,C3,15/11/2024,Warranty Issue,Closed,10.0,
1685,Bluetooth Speaker,Central,2024-11-16,B2,2024-11-16,Defect,In Progress,,Old pattern seem sound place.
1686,Soundbar,East,"Nov 17, 2024",B2,"Nov 17, 2024",Defect,Resolved,1.0,
1687,Earbuds,Central,"Nov 18, 2024",C3,"Nov 18, 2024",Non-Functioning,Pending,5.0,
1688,Headphones,East,2024-11-19,A1,2024-11-19,Defect,Pending,5.0,
1689,Headphones,West,20/11/2024,A1,20/11/2024,Late Delivery,In Progress,1.0,
1690,Earbuds,South,"Nov 21, 2024",E5,"Nov 21, 2024",Non-Functioning,In Progress,5.0,
1691,Soundbar,West,22/11/2024,D4,22/11/2024,Warranty Issue,Resolved,5.0,
1692,Headphones,East,"Nov 23, 2024",B2,"Nov 23, 2024",Late Delivery,Resolved,7.0,
1693,Soundbar,East,2024-11-24,B2,2024-11-24,Warranty Issue,In Progress,7.0,
1694,Soundbar,East,"Nov 25, 2024",B2,"Nov 25, 2024",Warranty Issue,In Progress,1.0,
1695,Bluetooth Speaker,North,"Nov 26, 2024",D4,"Nov 26, 2024",Warranty Issue,Pending,,
1696,Earbuds,South,27/11/2024,E5,27/11/2024,Defect,Pending,10.0,
1697,Soundbar,West,28/11/2024,D4,28/11/2024,Late Delivery,Pending,10.0,
1698,Charging Cable,West,29/11/2024,A1,29/11/2024,Late Delivery,In Progress,5.0,Might early machine.
1699,Earbuds,Central,30/11/2024,A1,30/11/2024,Defect,Closed,,
