Campaign_ID,Platform,Campaign_Name,Start_Date,End_Date,Budget_Spent,Impressions,Clicks,Engagement_Rate,Notes,Target_Audience
5000,Instagram,Brand Awareness,2023-01-01,2023-01-01,25503.15,174999,49091,5.13,,Adults
5001,Instagram,Festival Discount,2023-01-08,2023-01-08,36759.16,272530,21214,4.82,,Adults
5002,YouTube,Product Spotlight,"Jan 15, 2023","Jan 15, 2023",41937.81,495369,41131,2.78,,Adults
5003,LinkedIn,Product Spotlight,"Jan 22, 2023","Jan 22, 2023",15635.42,475944,36377,0.39,,Tech Enthusiasts
5004,Twitter,Sale Promo,2023-01-29,2023-01-29,34760.76,302164,19070,6.09,Tree off under box arrive boy people campaign.,General Public
5005,Instagram,New Launch,05/02/2023,05/02/2023,22639.91,576966,12982,4.02,Often clear though bill must choice option public.,General Public
5006,LinkedIn,Festival Discount,12/02/2023,12/02/2023,21591.63,227767,34818,3.06,,Adults
5007,Facebook,Product Spotlight,2023-02-19,2023-02-19,36051.16,71394,33914,8.68,Stay individual assume summer safe with test.,Adults
5008,YouTube,Sale Promo,26/02/2023,26/02/2023,22423.25,734305,21540,7.49,,Adults
5009,Facebook,New Launch,05/03/2023,05/03/2023,20574.88,649665,13907,8.59,Paper yard become enter wear.,General Public
5010,Instagram,Festival Discount,12/03/2023,12/03/2023,42614.98,656004,45968,5.0,,General Public
5011,Instagram,Festival Discount,19/03/2023,19/03/2023,9557.43,197486,33805,1.4,Tree soon area of.,Adults
5012,Facebook,Product Spotlight,2023-03-26,2023-03-26,35415.17,982320,14666,6.99,Establish particularly learn building.,Tech Enthusiasts
5013,Instagram,Festival Discount,2023-04-02,2023-04-02,16192.64,590206,7072,2.14,,Youth
5014,LinkedIn,Sale Promo,2023-04-09,2023-04-09,5697.42,494497,33502,4.47,Claim quite affect car.,Youth
5015,Instagram,Festival Discount,"Apr 16, 2023","Apr 16, 2023",12504.39,252556,27472,0.74,Month artist kind interesting money young reality.,Youth
5016,YouTube,Brand Awareness,2023-04-23,2023-04-23,32299.77,387784,47335,8.27,,General Public
5017,LinkedIn,Sale Promo,30/04/2023,30/04/2023,36910.72,990198,42964,1.35,Serve pull strategy what it poor.,General Public
5018,Twitter,New Launch,07/05/2023,07/05/2023,5947.6,694815,47418,9.04,,Youth
5019,Instagram,New Launch,"May 14, 2023","May 14, 2023",6639.14,376590,23423,8.66,Mission industry term natural order citizen leg coach.,Youth
5019,Instagram,New Launch,"May 14, 2023","May 14, 2023",6639.14,376590,23423,8.66,Mission industry term natural order citizen leg coach.,Youth
5021,YouTube,Product Spotlight,"May 28, 2023","May 28, 2023",8298.76,104702,45418,7.47,,General Public
5022,YouTube,Brand Awareness,2023-06-04,2023-06-04,45238.2,115509,33348,6.23,,General Public
5023,Facebook,New Launch,"Jun 11, 2023","Jun 11, 2023",15267.47,365752,2583,8.05,,Youth
5024,Facebook,New Launch,2023-06-18,2023-06-18,38300.8,124310,46646,4.37,,Tech Enthusiasts
5025,Facebook,New Launch,"Jun 25, 2023","Jun 25, 2023",18938.0,939613,48485,7.88,State focus ahead evening.,Tech Enthusiasts
5026,YouTube,New Launch,"Jul 02, 2023","Jul 02, 2023",43643.84,842234,17640,4.68,,Youth
5027,Facebook,Festival Discount,2023-07-09,2023-07-09,36520.47,733380,3170,9.42,,Youth
5028,Facebook,Sale Promo,"Jul 16, 2023","Jul 16, 2023",23081.61,568910,37019,4.92,,General Public
5029,Twitter,Sale Promo,"Jul 23, 2023","Jul 23, 2023",8433.61,119935,45012,4.68,,Youth
5030,Facebook,Brand Awareness,2023-07-30,2023-07-30,37971.51,270440,38529,7.87,Throughout election fine pass price service boy.,Adults
5031,Instagram,Festival Discount,2023-08-06,2023-08-06,32759.81,127919,15191,8.23,,Tech Enthusiasts
5032,YouTube,New Launch,2023-08-13,2023-08-13,5131.03,930101,40120,5.59,Knowledge whatever ask attorney.,Youth
5033,LinkedIn,New Launch,20/08/2023,20/08/2023,5423.89,968101,34762,1.88,Stand successful class various account.,Adults
5034,Twitter,Product Spotlight,2023-08-27,2023-08-27,41395.68,706314,26095,4.73,,Tech Enthusiasts
5035,YouTube,Product Spotlight,03/09/2023,03/09/2023,16672.99,79519,33940,9.68,,Adults
5036,YouTube,Brand Awareness,"Sep 10, 2023","Sep 10, 2023",33626.02,721475,9130,7.55,,Adults
5037,Instagram,New Launch,2023-09-17,2023-09-17,25439.65,508204,31750,8.13,Radio return find speak place race between.,Youth
5038,Facebook,Brand Awareness,2023-09-24,2023-09-24,43854.35,970655,29298,0.42,,Tech Enthusiasts
5039,Instagram,Festival Discount,"Oct 01, 2023","Oct 01, 2023",46263.25,266587,43536,4.73,Ago red fine especially people.,Adults
5040,Facebook,Sale Promo,"Oct 08, 2023","Oct 08, 2023",49856.35,158112,33712,6.5,,General Public
5041,Facebook,New Launch,"Oct 15, 2023","Oct 15, 2023",11915.79,54772,42425,8.32,,Tech Enthusiasts
5042,YouTube,Festival Discount,2023-10-22,2023-10-22,43833.38,132431,12482,0.59,,General Public
5043,Facebook,New Launch,"Oct 29, 2023","Oct 29, 2023",16970.96,892522,9155,8.54,,Youth
5044,Twitter,Product Spotlight,"Nov 05, 2023","Nov 05, 2023",31586.71,204904,19082,5.53,Final prevent item.,General Public
5045,Twitter,Brand Awareness,2023-11-12,2023-11-12,27759.78,168988,35555,2.05,,Tech Enthusiasts
5046,Twitter,Product Spotlight,"Nov 19, 2023","Nov 19, 2023",5809.47,841303,45225,3.24,,Adults
5047,YouTube,Sale Promo,2023-11-26,2023-11-26,46974.71,524743,4508,2.89,,Adults
5048,Instagram,Product Spotlight,03/12/2023,03/12/2023,8524.72,822804,44964,5.36,,Tech Enthusiasts
5049,LinkedIn,New Launch,10/12/2023,10/12/2023,35969.85,989211,42372,0.61,Authority inside air whole father how place.,Adults
5050,Facebook,Product Spotlight,17/12/2023,17/12/2023,40325.31,49080,996,1.67,,General Public
5051,LinkedIn,New Launch,24/12/2023,24/12/2023,40787.95,116242,34731,8.15,Rise loss learn whole life.,Adults
5052,Instagram,Sale Promo,31/12/2023,31/12/2023,11097.25,839154,23712,1.41,,Adults
5053,Instagram,Product Spotlight,2024-01-07,2024-01-07,25140.65,524080,21137,2.41,,General Public
5054,YouTube,Brand Awareness,2024-01-14,2024-01-14,42324.3,39048,45727,4.59,,General Public
5055,Twitter,Brand Awareness,21/01/2024,21/01/2024,18620.56,619493,17377,5.22,,General Public
5056,Twitter,Brand Awareness,"Jan 28, 2024","Jan 28, 2024",26048.69,937281,18310,7.66,,Youth
5057,Instagram,Product Spotlight,04/02/2024,04/02/2024,17275.73,326855,10384,4.53,,General Public
5058,YouTube,Product Spotlight,"Feb 11, 2024","Feb 11, 2024",25859.81,177403,3223,7.92,Base find say.,General Public
5059,YouTube,Product Spotlight,"Feb 18, 2024","Feb 18, 2024",44952.71,266392,5261,6.22,,Youth
5060,Facebook,New Launch,2024-02-25,2024-02-25,25480.59,30968,8130,1.22,,Adults
5061,Twitter,Sale Promo,"Mar 03, 2024","Mar 03, 2024",30016.04,457185,16875,1.65,Company way president test environment western.,General Public
5062,Instagram,Brand Awareness,"Mar 10, 2024","Mar 10, 2024",23178.93,244417,42009,4.43,,Tech Enthusiasts
5063,LinkedIn,New Launch,"Mar 17, 2024","Mar 17, 2024",25705.27,545580,25718,4.03,,General Public
5064,Twitter,Brand Awareness,2024-03-24,2024-03-24,5682.84,786230,31065,7.46,,General Public
5065,Facebook,New Launch,2024-03-31,2024-03-31,17768.55,968298,37618,5.85,,Youth
5066,YouTube,Product Spotlight,2024-04-07,2024-04-07,24646.18,351603,33475,3.94,,Tech Enthusiasts
5067,Instagram,Brand Awareness,2024-04-14,2024-04-14,33520.86,783292,27573,1.79,,Adults
5068,Twitter,Product Spotlight,21/04/2024,21/04/2024,25252.34,846624,4690,2.35,,Adults
5069,LinkedIn,Brand Awareness,"Apr 28, 2024","Apr 28, 2024",20201.77,955207,2383,5.8,,Tech Enthusiasts
5070,Facebook,Festival Discount,2024-05-05,,22464.44,618481,3386,4.29,Enjoy describe card though.,General Public
5071,Facebook,New Launch,12/05/2024,12/05/2024,15903.2,603453,9453,5.2,Factor face series east billion note.,Youth
5072,Twitter,Festival Discount,"May 19, 2024","May 19, 2024",46602.24,864082,8881,1.79,,Tech Enthusiasts
5073,LinkedIn,New Launch,"May 26, 2024","May 26, 2024",28478.45,984020,23738,6.66,,Tech Enthusiasts
5074,Facebook,Sale Promo,2024-06-02,2024-06-02,5603.43,503197,14295,8.54,,Adults
5075,Instagram,Brand Awareness,2024-06-09,2024-06-09,5875.08,926290,30928,2.65,,Youth
5076,Facebook,Sale Promo,"Jun 16, 2024","Jun 16, 2024",48783.27,635686,10138,4.97,,Tech Enthusiasts
5077,LinkedIn,Sale Promo,"Jun 23, 2024","Jun 23, 2024",14965.29,756470,5431,9.76,,Youth
5078,YouTube,New Launch,30/06/2024,30/06/2024,41252.37,894317,43123,3.4,,General Public
5079,YouTube,Festival Discount,07/07/2024,07/07/2024,7622.39,163329,38992,5.99,,Adults
5080,Twitter,Product Spotlight,14/07/2024,14/07/2024,46452.32,110588,26911,0.99,Parent specific instead factor party.,General Public
5081,LinkedIn,New Launch,21/07/2024,21/07/2024,44348.77,375500,45688,6.1,,Youth
5082,Facebook,Product Spotlight,2024-07-28,2024-07-28,30699.19,787110,21034,0.99,,General Public
5083,Facebook,Sale Promo,2024-08-04,2024-08-04,5404.94,534186,37328,9.6,,Adults
5084,YouTube,Product Spotlight,11/08/2024,11/08/2024,16601.49,879941,29681,7.19,Nearly she physical concern others.,Youth
5085,YouTube,Festival Discount,2024-08-18,2024-08-18,23307.02,756633,38033,7.9,,Tech Enthusiasts
5086,Instagram,New Launch,2024-08-25,2024-08-25,25702.89,323816,20496,7.07,,General Public
5087,YouTube,Festival Discount,2024-09-01,2024-09-01,18395.54,990812,7053,5.94,,Adults
5088,Instagram,Festival Discount,08/09/2024,08/09/2024,6482.65,742943,40646,4.55,,Tech Enthusiasts
5089,Facebook,New Launch,2024-09-15,2024-09-15,31555.73,522552,18573,8.6,,Adults
5090,Instagram,Festival Discount,"Sep 22, 2024","Sep 22, 2024",28586.96,294257,7630,9.57,,Youth
5091,Instagram,Brand Awareness,2024-09-29,2024-09-29,17735.03,272838,29905,5.04,,Youth
5092,Twitter,Brand Awareness,"Oct 06, 2024","Oct 06, 2024",6708.92,25588,36454,9.32,Each off spend.,General Public
5093,YouTube,Brand Awareness,2024-10-13,2024-10-13,49756.74,727116,6289,5.87,,Adults
5094,Instagram,Product Spotlight,20/10/2024,20/10/2024,26689.38,467301,29430,5.43,,Adults
5095,Facebook,Festival Discount,27/10/2024,27/10/2024,39020.19,776719,49390,4.6,,Adults
5096,LinkedIn,New Launch,2024-11-03,2024-11-03,25354.13,255456,18029,2.17,Grow enough doctor generation.,Youth
5097,Instagram,New Launch,10/11/2024,10/11/2024,6942.66,726502,8442,0.14,Great understand be amount bar when.,General Public
5098,YouTube,Product Spotlight,17/11/2024,17/11/2024,18932.03,74373,8048,2.49,,Adults
5099,Twitter,New Launch,24/11/2024,24/11/2024,19404.96,882035,18796,5.15,Third drop low no term technology.,Adults
5100,Facebook,Brand Awareness,01/12/2024,01/12/2024,42725.88,540992,32744,3.86,Fight with around leg describe.,Tech Enthusiasts
5101,Twitter,Festival Discount,2024-12-08,2024-12-08,34440.35,50136,796,4.54,,Adults
5102,LinkedIn,New Launch,15/12/2024,15/12/2024,17394.35,601795,2909,9.81,,General Public
5103,Instagram,New Launch,"Dec 22, 2024","Dec 22, 2024",48548.3,57361,34729,3.57,,Tech Enthusiasts
5104,Instagram,Sale Promo,29/12/2024,29/12/2024,19469.38,855279,31346,4.58,,Tech Enthusiasts
5105,YouTube,Sale Promo,05/01/2025,05/01/2025,49920.53,902791,35536,1.42,Seem friend involve information movie though case.,Tech Enthusiasts
5106,Instagram,Sale Promo,2025-01-12,2025-01-12,49827.37,152513,39822,0.57,,Youth
5107,Facebook,Festival Discount,2025-01-19,2025-01-19,13604.47,391050,49659,7.78,,Tech Enthusiasts
5108,LinkedIn,Brand Awareness,26/01/2025,26/01/2025,19073.35,24677,27667,5.75,Us or kid side great rather.,Adults
5109,Twitter,Brand Awareness,02/02/2025,02/02/2025,26871.99,824250,29491,7.63,Challenge drug serve room same.,Youth
5110,LinkedIn,Brand Awareness,2025-02-09,2025-02-09,34884.53,274012,18301,1.58,Glass cup ever lot.,Youth
5111,Instagram,Festival Discount,"Feb 16, 2025","Feb 16, 2025",28762.14,617879,7858,5.76,,Youth
5112,Twitter,Festival Discount,23/02/2025,23/02/2025,48624.87,920394,23088,2.61,,Youth
5113,YouTube,Sale Promo,02/03/2025,02/03/2025,37579.51,339408,18171,2.36,,Youth
5114,LinkedIn,New Launch,09/03/2025,09/03/2025,14542.02,607456,18002,0.21,Both affect after song.,Youth
5115,Twitter,Product Spotlight,"Mar 16, 2025","Mar 16, 2025",9729.39,677403,25628,1.39,,Youth
5116,Twitter,Product Spotlight,2025-03-23,2025-03-23,35978.06,81939,32145,3.16,,Tech Enthusiasts
5117,Twitter,New Launch,"Mar 30, 2025","Mar 30, 2025",12130.36,287876,8137,1.26,,General Public
5118,Facebook,Sale Promo,06/04/2025,06/04/2025,40445.46,851676,1160,9.86,Still thank continue particular toward score.,Adults
5119,LinkedIn,New Launch,13/04/2025,13/04/2025,18996.65,421742,42175,3.16,College least agency.,Adults
5120,Twitter,New Launch,20/04/2025,20/04/2025,19710.2,805772,7422,1.39,Information old central say term read artist.,Tech Enthusiasts
5121,LinkedIn,Product Spotlight,"Apr 27, 2025","Apr 27, 2025",5485.93,769848,28661,2.07,,Tech Enthusiasts
5122,Twitter,Sale Promo,"May 04, 2025","May 04, 2025",36545.51,818826,45221,5.92,,Youth
5123,YouTube,Festival Discount,"May 11, 2025","May 11, 2025",10097.14,370701,4470,0.73,,General Public
5124,YouTube,Product Spotlight,"May 18, 2025","May 18, 2025",39779.63,145174,3907,8.64,Weight lawyer art fight arm wish condition.,Youth
5125,YouTube,Festival Discount,25/05/2025,25/05/2025,27134.05,505062,28343,9.62,Condition lose environmental born child item do.,Tech Enthusiasts
5126,Instagram,Sale Promo,"Jun 01, 2025","Jun 01, 2025",40292.59,553447,9546,2.54,,Youth
5127,Twitter,New Launch,"Jun 08, 2025","Jun 08, 2025",31276.69,132366,24300,4.56,Him court draw personal.,Adults
5128,Instagram,Brand Awareness,15/06/2025,15/06/2025,8709.5,206164,15047,0.32,,Adults
5129,LinkedIn,Brand Awareness,2025-06-22,2025-06-22,39454.36,802644,38028,6.44,,Youth
5130,Instagram,Sale Promo,"Jun 29, 2025","Jun 29, 2025",8140.98,500576,31889,4.2,Do between moment born her church represent.,General Public
5131,LinkedIn,Brand Awareness,06/07/2025,06/07/2025,26541.58,833837,30846,2.77,,Youth
5132,LinkedIn,Festival Discount,2025-07-13,2025-07-13,12755.71,402776,23248,2.15,Plan score better able positive maintain wind.,Youth
5133,LinkedIn,Brand Awareness,"Jul 20, 2025","Jul 20, 2025",38855.08,349205,46733,6.57,Agreement among serious east admit.,General Public
5134,Instagram,Sale Promo,27/07/2025,27/07/2025,46021.61,366440,37355,4.22,,General Public
5135,Twitter,Sale Promo,2025-08-03,2025-08-03,29935.68,851618,26348,1.88,,General Public
5136,Instagram,Festival Discount,2025-08-10,2025-08-10,28721.63,971743,8107,6.92,,Adults
5137,Twitter,Brand Awareness,17/08/2025,17/08/2025,39378.34,776164,37287,5.69,,Youth
5138,Twitter,Brand Awareness,24/08/2025,24/08/2025,5228.55,758353,34083,8.6,,Tech Enthusiasts
5139,LinkedIn,New Launch,2025-08-31,2025-08-31,46299.14,395289,13063,1.26,Administration walk scene growth relationship.,General Public
5140,Instagram,Product Spotlight,07/09/2025,07/09/2025,13885.2,516767,46560,7.88,,General Public
5141,Twitter,Sale Promo,14/09/2025,14/09/2025,49285.35,544820,49426,6.77,,Youth
5142,YouTube,New Launch,21/09/2025,21/09/2025,38131.43,220126,34190,1.24,Treatment onto save certainly stand enjoy.,Tech Enthusiasts
5143,Twitter,Sale Promo,2025-09-28,2025-09-28,39841.3,999516,46197,6.98,Spring once today attorney note score seek thing.,Youth
5144,YouTube,New Launch,2025-10-05,2025-10-05,34529.13,226351,29676,4.47,East we truth put and.,Youth
5145,Instagram,Product Spotlight,2025-10-12,2025-10-12,26224.84,338684,15425,9.46,,General Public
5146,Instagram,New Launch,"Oct 19, 2025","Oct 19, 2025",30723.25,113021,21751,1.5,Leader event particularly admit happen change.,General Public
5147,Instagram,Sale Promo,"Oct 26, 2025","Oct 26, 2025",7088.13,799703,18148,6.46,,Adults
5148,Twitter,Brand Awareness,"Nov 02, 2025","Nov 02, 2025",33078.18,972986,20608,3.88,,Tech Enthusiasts
5149,Facebook,Sale Promo,2025-11-09,2025-11-09,33174.41,10209,11479,9.57,,Tech Enthusiasts
5150,Twitter,Festival Discount,16/11/2025,16/11/2025,,232071,3222,3.37,Guess wind administration writer.,General Public
5151,Twitter,Festival Discount,23/11/2025,23/11/2025,27754.54,670899,5855,9.63,,General Public
5152,LinkedIn,Festival Discount,30/11/2025,30/11/2025,8471.5,816409,46569,9.02,Involve apply instead technology standard allow.,General Public
5153,LinkedIn,Festival Discount,2025-12-07,2025-12-07,18778.82,215214,29299,2.78,War fight financial cover walk million.,Tech Enthusiasts
5154,Twitter,Product Spotlight,14/12/2025,14/12/2025,34503.32,119920,35818,8.06,,Adults
5155,YouTube,Brand Awareness,2025-12-21,2025-12-21,15766.65,400300,33205,9.96,Soldier health together including similar structure.,Tech Enthusiasts
5156,LinkedIn,Brand Awareness,2025-12-28,2025-12-28,17623.75,371732,44409,2.6,,General Public
5157,Twitter,Sale Promo,2026-01-04,2026-01-04,41921.11,340828,23570,4.42,,General Public
5158,Facebook,New Launch,2026-01-11,2026-01-11,31294.39,240144,11784,5.25,,Adults
5159,YouTube,Sale Promo,"Jan 18, 2026","Jan 18, 2026",27883.73,920294,22237,3.02,Reality statement room gas hit.,Youth
5160,Instagram,Sale Promo,"Jan 25, 2026","Jan 25, 2026",19330.34,277751,23741,0.25,Any light one success.,Youth
5161,Twitter,Sale Promo,"Feb 01, 2026","Feb 01, 2026",37891.76,226194,27914,2.28,,Tech Enthusiasts
5162,Twitter,Sale Promo,"Feb 08, 2026","Feb 08, 2026",17947.33,366930,21395,2.89,,Youth
5163,YouTube,Brand Awareness,2026-02-15,2026-02-15,38167.86,398550,27271,4.49,Almost rock section.,Youth
5164,LinkedIn,New Launch,"Feb 22, 2026","Feb 22, 2026",8154.57,193011,1884,1.79,,Tech Enthusiasts
5165,LinkedIn,Sale Promo,"Mar 01, 2026","Mar 01, 2026",43904.36,683954,23189,8.75,,General Public
5166,LinkedIn,Brand Awareness,08/03/2026,08/03/2026,27480.49,461598,27975,7.08,,Youth
5167,Instagram,Sale Promo,2026-03-15,2026-03-15,24732.86,17399,8752,0.94,,General Public
5168,YouTube,Festival Discount,2026-03-22,2026-03-22,32496.05,524242,31344,6.54,Total key participant care think raise value.,Tech Enthusiasts
5169,YouTube,Sale Promo,2026-03-29,2026-03-29,33088.64,661100,30651,6.57,,General Public
5170,LinkedIn,Sale Promo,2026-04-05,2026-04-05,10941.58,952621,40506,9.57,,General Public
5171,LinkedIn,Product Spotlight,2026-04-12,2026-04-12,39030.51,108662,23865,0.13,,Tech Enthusiasts
5172,Facebook,Festival Discount,19/04/2026,19/04/2026,17416.77,305761,6526,2.55,,General Public
5173,Facebook,New Launch,26/04/2026,26/04/2026,45723.28,672858,33267,9.29,Themselves part military billion brother the.,Youth
5174,Twitter,Sale Promo,2026-05-03,2026-05-03,41803.28,899258,29023,9.33,,Youth
5175,Twitter,New Launch,10/05/2026,10/05/2026,20581.97,782592,10982,7.23,,Youth
5176,YouTube,Festival Discount,17/05/2026,17/05/2026,41348.27,926283,47069,7.68,,Youth
5177,YouTube,Sale Promo,24/05/2026,24/05/2026,21037.57,383221,49388,1.01,,General Public
5178,Instagram,Product Spotlight,31/05/2026,31/05/2026,9542.65,847056,48848,5.19,,Youth
5179,Instagram,Brand Awareness,07/06/2026,07/06/2026,48284.97,806060,41932,2.39,,General Public
5180,Facebook,Product Spotlight,2026-06-14,2026-06-14,34367.09,403545,25608,1.89,Though boy hundred alone fight training according miss.,Adults
5181,Twitter,Product Spotlight,"Jun 21, 2026","Jun 21, 2026",25524.48,310763,993,8.12,Something open pass party pass what rate serve.,General Public
5182,Facebook,Brand Awareness,"Jun 28, 2026","Jun 28, 2026",22899.8,17032,16965,1.44,,Youth
5183,Facebook,Brand Awareness,2026-07-05,2026-07-05,19611.74,713454,40267,4.74,Him far respond.,Adults
5184,Twitter,Brand Awareness,12/07/2026,12/07/2026,49165.14,310178,30050,9.39,,Tech Enthusiasts
5185,Instagram,Sale Promo,2026-07-19,2026-07-19,11063.63,636946,14333,1.94,,General Public
5186,Twitter,New Launch,"Jul 26, 2026","Jul 26, 2026",19166.23,917555,3470,9.78,Upon good majority second.,Youth
5187,LinkedIn,New Launch,2026-08-02,2026-08-02,26847.39,525882,33279,9.94,,Youth
5188,LinkedIn,Brand Awareness,09/08/2026,09/08/2026,26509.98,882590,30458,5.6,,Youth
5189,LinkedIn,Product Spotlight,"Aug 16, 2026","Aug 16, 2026",26211.49,589552,48819,1.78,,Tech Enthusiasts
5190,YouTube,Festival Discount,"Aug 23, 2026","Aug 23, 2026",12910.27,628408,17645,3.23,Stuff somebody group star increase.,Adults
5191,Instagram,Brand Awareness,2026-08-30,2026-08-30,11521.96,57850,36453,4.3,,Adults
5192,Instagram,Product Spotlight,"Sep 06, 2026","Sep 06, 2026",16464.54,539010,49677,3.16,Cultural coach market recent piece actually.,Youth
5193,YouTube,Product Spotlight,"Sep 13, 2026","Sep 13, 2026",46153.68,289916,2306,2.88,Report stay who attorney.,General Public
5194,Facebook,Sale Promo,20/09/2026,20/09/2026,10087.38,358249,6164,9.73,,Youth
5195,LinkedIn,Sale Promo,2026-09-27,2026-09-27,39084.13,444895,29400,1.62,Ground begin listen.,Youth
5196,LinkedIn,New Launch,"Oct 04, 2026","Oct 04, 2026",39089.68,996275,14626,7.36,,General Public
5197,Facebook,New Launch,11/10/2026,11/10/2026,41439.67,14576,46162,0.1,,Youth
5198,Twitter,Festival Discount,"Oct 18, 2026","Oct 18, 2026",44897.7,692067,5654,6.0,Good involve camera popular.,Tech Enthusiasts
5199,Twitter,Festival Discount,2026-10-25,2026-10-25,16836.63,371548,22708,9.17,,Youth
5200,Instagram,Festival Discount,"Nov 01, 2026","Nov 01, 2026",15105.18,444848,14267,2.95,Wind around need drop collection candidate base measure.,Tech Enthusiasts
5201,YouTube,Festival Discount,"Nov 08, 2026","Nov 08, 2026",25947.75,575764,20543,1.94,,Youth
5202,Instagram,Product Spotlight,15/11/2026,15/11/2026,16929.01,258292,48494,6.55,Food feeling fine power week well theory.,Adults
5203,Twitter,Product Spotlight,"Nov 22, 2026","Nov 22, 2026",38043.95,433501,2025,7.15,,General Public
5204,Facebook,New Launch,"Nov 29, 2026","Nov 29, 2026",33617.28,820586,34028,6.91,,Adults
5205,Instagram,Sale Promo,06/12/2026,06/12/2026,44374.45,423270,17478,3.26,,Youth
5206,LinkedIn,Sale Promo,"Dec 13, 2026","Dec 13, 2026",8723.22,289309,47148,2.6,,Youth
5207,LinkedIn,Brand Awareness,"Dec 20, 2026","Dec 20, 2026",46178.75,24439,1555,9.56,,Tech Enthusiasts
5208,Facebook,Product Spotlight,2026-12-27,2026-12-27,18200.69,390355,10546,9.24,,Youth
5209,Twitter,Festival Discount,"Jan 03, 2027","Jan 03, 2027",27081.25,578806,36351,4.63,Indeed answer including tell story word.,Youth
5210,LinkedIn,Festival Discount,"Jan 10, 2027","Jan 10, 2027",24737.51,229123,16178,8.48,,Youth
5211,LinkedIn,Brand Awareness,17/01/2027,17/01/2027,39214.02,561250,45376,4.58,,Adults
5212,YouTube,Sale Promo,2027-01-24,2027-01-24,23915.0,981438,27124,4.3,Nearly crime two power chance occur.,Tech Enthusiasts
5213,Instagram,Festival Discount,"Jan 31, 2027","Jan 31, 2027",47459.89,773445,42918,1.65,,Adults
5214,Twitter,Sale Promo,07/02/2027,07/02/2027,45614.02,309907,39225,4.32,,Tech Enthusiasts
5215,Instagram,Brand Awareness,"Feb 14, 2027","Feb 14, 2027",44247.25,126189,5755,5.42,Continue together find issue.,Adults
5216,Twitter,Sale Promo,2027-02-21,2027-02-21,8206.62,120290,9911,0.32,Cell cause pull difference control when begin.,Youth
5217,LinkedIn,Sale Promo,"Feb 28, 2027","Feb 28, 2027",43441.61,991598,49612,4.5,Plant cultural laugh feel.,Adults
5218,YouTube,Sale Promo,2027-03-07,2027-03-07,40173.6,907246,42959,7.84,Remember either operation process security stay.,Adults
5219,Instagram,Festival Discount,2027-03-14,2027-03-14,9658.08,815896,36663,6.83,,Tech Enthusiasts
5220,LinkedIn,New Launch,21/03/2027,21/03/2027,9833.64,969540,34471,6.39,,Tech Enthusiasts
5221,Twitter,Product Spotlight,28/03/2027,28/03/2027,9552.37,133980,31735,9.1,Door ground interest sister fast reach but certain.,Adults
5222,Instagram,Sale Promo,"Apr 04, 2027","Apr 04, 2027",5509.97,237021,19694,0.28,,Tech Enthusiasts
5223,Instagram,Sale Promo,2027-04-11,2027-04-11,29688.54,698630,19976,5.61,,Tech Enthusiasts
5224,LinkedIn,Sale Promo,2027-04-18,2027-04-18,48802.74,52299,3544,7.89,,Tech Enthusiasts
5225,Instagram,New Launch,"Apr 25, 2027","Apr 25, 2027",24740.81,751165,40540,5.46,Information low investment manage.,General Public
5226,YouTube,Brand Awareness,02/05/2027,02/05/2027,29334.09,41541,21557,3.31,,Tech Enthusiasts
5227,YouTube,Festival Discount,"May 09, 2027","May 09, 2027",48558.64,345689,4014,1.45,Mouth step talk be.,General Public
5228,LinkedIn,New Launch,"May 16, 2027","May 16, 2027",16483.2,485759,10490,8.89,Maintain mention quite money member image.,General Public
5229,Twitter,Sale Promo,2027-05-23,2027-05-23,43631.16,757358,39460,4.76,Old time often information but little why free.,Tech Enthusiasts
5230,LinkedIn,New Launch,"May 30, 2027","May 30, 2027",29587.57,139188,44035,8.79,,Adults
5231,YouTube,New Launch,"Jun 06, 2027","Jun 06, 2027",30626.44,218150,49796,5.9,,Tech Enthusiasts
5232,Facebook,New Launch,13/06/2027,13/06/2027,20442.82,486186,8007,6.77,,Youth
5233,Facebook,Brand Awareness,20/06/2027,20/06/2027,30271.3,826197,5357,8.06,,Adults
5234,Instagram,Product Spotlight,"Jun 27, 2027","Jun 27, 2027",8291.41,820201,12618,6.63,Everybody leg democratic fly cup have summer.,General Public
5235,Instagram,Festival Discount,04/07/2027,04/07/2027,39408.96,229073,3646,4.04,Against never before enter.,General Public
5236,Facebook,Brand Awareness,2027-07-11,2027-07-11,17810.95,490620,26901,5.18,Tend face something maybe out woman.,Adults
5237,YouTube,Brand Awareness,2027-07-18,2027-07-18,44942.37,554444,26677,8.05,,Adults
5238,Instagram,Product Spotlight,2027-07-25,2027-07-25,21553.28,751196,39024,3.8,Step trial research explain majority.,Tech Enthusiasts
5239,LinkedIn,Brand Awareness,01/08/2027,01/08/2027,11427.08,453697,4914,3.94,,General Public
5240,LinkedIn,New Launch,"Aug 08, 2027","Aug 08, 2027",36314.67,678795,17994,1.05,Treatment food grow popular big record.,Youth
5241,YouTube,New Launch,15/08/2027,15/08/2027,12406.02,735010,20937,9.15,Back lot place hand.,Tech Enthusiasts
5242,Instagram,Sale Promo,22/08/2027,22/08/2027,38915.62,711696,4437,1.0,,Adults
5243,LinkedIn,Brand Awareness,"Aug 29, 2027","Aug 29, 2027",48565.05,963639,37231,6.52,Make everyone get age.,General Public
5244,Instagram,Sale Promo,"Sep 05, 2027","Sep 05, 2027",40079.88,83631,21826,4.19,People security alone available every money.,Adults
5245,Instagram,Festival Discount,"Sep 12, 2027","Sep 12, 2027",6010.22,834341,39165,4.12,,Adults
5246,LinkedIn,New Launch,2027-09-19,2027-09-19,31994.86,603775,9474,6.83,,Adults
5247,Facebook,Festival Discount,26/09/2027,26/09/2027,36293.48,948972,47645,0.76,Beyond boy old success wall friend up.,Tech Enthusiasts
5248,LinkedIn,Product Spotlight,2027-10-03,2027-10-03,42145.62,495825,18000,5.98,,Youth
5249,YouTube,New Launch,10/10/2027,10/10/2027,7520.1,319799,49324,7.74,,Youth
5250,Twitter,Festival Discount,17/10/2027,17/10/2027,26604.85,437557,2250,8.3,,General Public
5251,LinkedIn,Product Spotlight,"Oct 24, 2027","Oct 24, 2027",29091.69,777023,4527,1.79,,Adults
5252,Instagram,Festival Discount,31/10/2027,31/10/2027,12610.62,729542,44796,8.98,,Youth
5253,Instagram,Product Spotlight,"Nov 07, 2027","Nov 07, 2027",19510.24,61786,6245,6.6,,Adults
5254,LinkedIn,Product Spotlight,14/11/2027,14/11/2027,24809.98,78304,21948,8.83,,General Public
5255,Twitter,New Launch,2027-11-21,2027-11-21,42494.44,375750,42947,4.9,Case direction first child administration.,Adults
5256,LinkedIn,Sale Promo,2027-11-28,2027-11-28,46823.34,187586,28951,5.47,,Youth
5257,Twitter,Product Spotlight,"Dec 05, 2027","Dec 05, 2027",33279.03,655226,28707,9.2,,Adults
5258,Twitter,Product Spotlight,12/12/2027,12/12/2027,22772.53,437195,6438,9.01,,Youth
5259,YouTube,New Launch,"Dec 19, 2027","Dec 19, 2027",16431.4,494103,12650,4.54,Its church power attorney blue child.,General Public
5260,Instagram,Sale Promo,"Dec 26, 2027","Dec 26, 2027",49196.08,877413,13906,2.82,,Adults
5261,Instagram,Brand Awareness,2028-01-02,2028-01-02,49235.9,65107,20281,3.99,Very thing nature.,Youth
5262,Twitter,Brand Awareness,2028-01-09,2028-01-09,46623.96,532058,38121,3.94,,General Public
5263,Instagram,Sale Promo,"Jan 16, 2028","Jan 16, 2028",40355.11,255191,18825,2.94,,Adults
5264,Facebook,Festival Discount,2028-01-23,2028-01-23,19660.08,666520,3648,2.76,,General Public
5265,Twitter,New Launch,2028-01-30,2028-01-30,41765.02,360041,29379,8.62,,Youth
5266,Instagram,Sale Promo,"Feb 06, 2028","Feb 06, 2028",23395.69,82577,49511,0.79,Interview someone hour do society material tough especially.,Adults
5267,Facebook,Brand Awareness,2028-02-13,2028-02-13,19704.79,749663,8433,6.81,Play happen heart push bill evening.,Adults
5268,YouTube,Product Spotlight,20/02/2028,20/02/2028,38518.94,414062,9936,1.81,Positive relate always follow receive price.,Adults
5269,Instagram,Brand Awareness,27/02/2028,27/02/2028,8584.43,270933,18169,3.51,Head plant few per card.,General Public
5270,Facebook,Product Spotlight,05/03/2028,05/03/2028,7185.32,638468,6974,0.71,,General Public
5271,LinkedIn,New Launch,"Mar 12, 2028","Mar 12, 2028",25157.92,292068,47947,2.77,Here picture nearly number order.,Youth
5272,LinkedIn,Product Spotlight,"Mar 19, 2028","Mar 19, 2028",25053.75,383337,11728,7.71,Situation debate baby none reason dog care level.,Tech Enthusiasts
5273,Facebook,Sale Promo,"Mar 26, 2028","Mar 26, 2028",45303.99,679242,34038,8.86,,Adults
5274,Twitter,Product Spotlight,02/04/2028,02/04/2028,10676.89,745634,2343,2.29,,Adults
5275,Twitter,Festival Discount,09/04/2028,09/04/2028,10547.78,11095,573,4.69,,Youth
5276,Instagram,Sale Promo,2028-04-16,2028-04-16,11635.37,376349,16559,4.76,Skin too Democrat late together.,Adults
5277,LinkedIn,New Launch,"Apr 23, 2028","Apr 23, 2028",6338.13,706343,21233,8.75,Way suffer tend hand meet.,General Public
5278,Twitter,Sale Promo,30/04/2028,30/04/2028,8227.93,548411,41268,7.65,,General Public
5279,Twitter,Festival Discount,2028-05-07,2028-05-07,34694.14,496884,25895,5.18,,Adults
5280,LinkedIn,New Launch,14/05/2028,14/05/2028,24421.29,731975,20702,6.74,,Adults
5281,YouTube,Brand Awareness,"May 21, 2028","May 21, 2028",39362.14,498409,13773,8.49,Meeting development control very stay.,General Public
5282,Twitter,Festival Discount,28/05/2028,28/05/2028,49666.9,841710,49389,0.19,,Adults
5283,Facebook,New Launch,2028-06-04,2028-06-04,34656.56,894343,33599,4.09,During begin too space middle really.,General Public
5284,Instagram,Product Spotlight,11/06/2028,11/06/2028,7270.5,61999,8012,9.08,Child nature condition than election consumer enjoy.,Tech Enthusiasts
5285,Twitter,Sale Promo,18/06/2028,18/06/2028,9705.33,827585,28731,7.43,,Tech Enthusiasts
5286,Twitter,New Launch,2028-06-25,2028-06-25,44645.18,290488,23774,5.47,Recognize even close brother build wrong.,Adults
5287,YouTube,Sale Promo,2028-07-02,2028-07-02,28737.32,765137,38199,5.34,,Adults
5288,Facebook,Product Spotlight,"Jul 09, 2028","Jul 09, 2028",42117.67,571944,46010,3.54,,Adults
5289,Instagram,New Launch,16/07/2028,16/07/2028,43547.56,211587,22909,5.25,,General Public
5290,Twitter,Brand Awareness,2028-07-23,2028-07-23,46745.35,794875,46694,6.59,,Tech Enthusiasts
5291,Instagram,Festival Discount,"Jul 30, 2028","Jul 30, 2028",47742.31,273356,5613,4.24,,Tech Enthusiasts
5292,LinkedIn,New Launch,2028-08-06,2028-08-06,29967.16,654673,41687,7.17,,Youth
5293,Twitter,Product Spotlight,2028-08-13,2028-08-13,20345.91,150073,3381,8.63,,Youth
5294,Twitter,New Launch,20/08/2028,20/08/2028,48283.92,88784,46413,1.63,,Adults
5295,LinkedIn,Sale Promo,2028-08-27,2028-08-27,29633.29,895155,46824,4.57,,General Public
5296,YouTube,New Launch,2028-09-03,2028-09-03,7891.37,353288,19749,4.14,,Adults
5297,Twitter,Brand Awareness,2028-09-10,2028-09-10,33924.94,963931,35843,6.91,Group how nation assume miss stop far.,Tech Enthusiasts
5298,Instagram,New Launch,17/09/2028,17/09/2028,31445.81,565656,13214,2.57,,Adults
5299,Facebook,Festival Discount,"Sep 24, 2028","Sep 24, 2028",45310.68,736179,39453,6.44,Good high whether return data section.,Adults
5300,Instagram,New Launch,01/10/2028,01/10/2028,34393.42,71160,9156,8.79,,Tech Enthusiasts
5301,YouTube,Sale Promo,"Oct 08, 2028","Oct 08, 2028",20707.36,691214,6241,4.24,Outside wide change worry last.,Tech Enthusiasts
5302,Facebook,New Launch,"Oct 15, 2028","Oct 15, 2028",48480.16,282859,17161,9.12,Art tell price happy.,Tech Enthusiasts
5303,Instagram,Brand Awareness,"Oct 22, 2028","Oct 22, 2028",41072.88,484917,32055,9.93,,Tech Enthusiasts
5304,Instagram,Product Spotlight,29/10/2028,29/10/2028,33368.79,593072,29190,1.15,,Youth
5305,LinkedIn,New Launch,2028-11-05,2028-11-05,18181.63,401337,33333,2.41,,General Public
5306,YouTube,New Launch,"Nov 12, 2028","Nov 12, 2028",21809.31,371788,37530,9.51,,General Public
5307,LinkedIn,Festival Discount,"Nov 19, 2028","Nov 19, 2028",35148.65,36797,6204,9.59,,Tech Enthusiasts
5308,Facebook,Brand Awareness,"Nov 26, 2028","Nov 26, 2028",8239.14,319717,48623,1.07,Buy usually try cultural difference they.,General Public
5309,LinkedIn,Product Spotlight,03/12/2028,03/12/2028,16550.63,872552,41862,0.25,,General Public
5310,YouTube,Sale Promo,"Dec 10, 2028","Dec 10, 2028",37125.54,549068,12675,1.69,,General Public
5311,Twitter,New Launch,2028-12-17,2028-12-17,26600.83,572193,13196,9.96,,General Public
5312,Twitter,Product Spotlight,2028-12-24,2028-12-24,23107.71,949077,39523,1.88,,Tech Enthusiasts
5313,Facebook,Sale Promo,31/12/2028,31/12/2028,11815.59,650337,40709,5.08,,Adults
5314,Twitter,Brand Awareness,07/01/2029,07/01/2029,24883.21,663939,28554,8.5,,Adults
5315,LinkedIn,Brand Awareness,2029-01-14,2029-01-14,39681.14,567647,21576,0.3,,Adults
5316,Facebook,Product Spotlight,21/01/2029,21/01/2029,16880.58,338206,15486,6.08,,Youth
5317,YouTube,Sale Promo,28/01/2029,28/01/2029,5242.93,607679,46618,2.84,,General Public
5318,Facebook,Brand Awareness,2029-02-04,2029-02-04,35082.72,315607,14940,8.64,,Tech Enthusiasts
5319,Facebook,Product Spotlight,2029-02-11,2029-02-11,48768.2,109596,8460,2.91,,Tech Enthusiasts
5320,Instagram,Brand Awareness,2029-02-18,2029-02-18,32307.2,781702,22962,6.9,,Youth
5321,Instagram,Brand Awareness,25/02/2029,25/02/2029,10396.48,891450,18321,6.77,Leg environmental evidence.,Tech Enthusiasts
5322,Facebook,Brand Awareness,"Mar 04, 2029","Mar 04, 2029",19432.99,813003,27758,2.29,,Adults
5323,Twitter,Festival Discount,"Mar 11, 2029","Mar 11, 2029",44043.87,684502,27853,0.44,,Youth
5324,Instagram,Sale Promo,2029-03-18,2029-03-18,15465.56,821536,23916,4.15,,Tech Enthusiasts
5325,YouTube,Product Spotlight,25/03/2029,25/03/2029,32346.32,18625,22615,2.96,,Youth
5326,LinkedIn,Product Spotlight,2029-04-01,2029-04-01,23120.2,311343,46933,8.11,Yard beat sometimes.,Youth
5327,Instagram,Sale Promo,"Apr 08, 2029","Apr 08, 2029",14352.97,392869,25468,8.02,Act this tell recently official indicate.,Tech Enthusiasts
5328,Facebook,Sale Promo,"Apr 15, 2029","Apr 15, 2029",41603.31,419142,23231,4.62,,Adults
5329,Twitter,Sale Promo,2029-04-22,2029-04-22,38427.41,303362,23285,6.1,Similar yard no analysis suddenly.,Tech Enthusiasts
5330,LinkedIn,Sale Promo,2029-04-29,2029-04-29,34771.6,709832,39897,6.08,,General Public
5331,Instagram,New Launch,06/05/2029,06/05/2029,15635.15,364060,14328,8.29,,General Public
5332,Twitter,Product Spotlight,13/05/2029,13/05/2029,9403.57,133182,5041,4.31,Mean loss top watch oil blue.,Tech Enthusiasts
5333,Twitter,New Launch,20/05/2029,20/05/2029,30927.17,554854,41144,2.83,Central adult claim investment success we assume.,Adults
5334,Twitter,Brand Awareness,"May 27, 2029","May 27, 2029",29915.5,983629,13811,2.72,,General Public
5335,Facebook,Brand Awareness,03/06/2029,03/06/2029,13477.33,43205,31031,5.41,Become return this modern tough south growth.,General Public
5336,YouTube,Product Spotlight,10/06/2029,10/06/2029,7531.1,119084,15088,4.55,,Tech Enthusiasts
5337,Twitter,Brand Awareness,17/06/2029,17/06/2029,8631.88,39717,49916,4.46,,Tech Enthusiasts
5338,LinkedIn,Sale Promo,24/06/2029,24/06/2029,49674.69,715344,12880,1.0,,Tech Enthusiasts
5339,Instagram,New Launch,01/07/2029,01/07/2029,40261.28,903724,43145,7.21,,Youth
5340,LinkedIn,Sale Promo,08/07/2029,08/07/2029,46489.44,952639,18318,2.22,Yourself today kitchen increase six.,Youth
5341,Facebook,Brand Awareness,"Jul 15, 2029","Jul 15, 2029",13777.46,693524,31357,2.05,Figure down stage.,Youth
5342,Facebook,New Launch,"Jul 22, 2029","Jul 22, 2029",48225.58,310706,22211,4.19,,Tech Enthusiasts
5343,LinkedIn,Sale Promo,2029-07-29,2029-07-29,11419.45,472326,5597,2.36,Understand dinner ten recent free film clearly.,Adults
5344,YouTube,Product Spotlight,"Aug 05, 2029","Aug 05, 2029",27908.68,30169,28893,5.88,Message hotel pick than.,General Public
5345,Facebook,Sale Promo,12/08/2029,12/08/2029,42336.31,987362,22576,3.78,,Youth
5346,Facebook,Brand Awareness,2029-08-19,2029-08-19,20741.15,818036,19238,4.54,,Adults
5347,LinkedIn,New Launch,26/08/2029,26/08/2029,24117.28,361814,29817,5.42,Read yard either leave member walk.,Tech Enthusiasts
5348,Facebook,Product Spotlight,"Sep 02, 2029","Sep 02, 2029",10768.33,386749,39729,2.12,,Youth
5349,YouTube,New Launch,"Sep 09, 2029","Sep 09, 2029",10531.48,360882,7544,1.64,,Tech Enthusiasts
5350,YouTube,Product Spotlight,2029-09-16,2029-09-16,32880.57,403900,5997,8.82,People not approach office stay prevent small.,Adults
5351,YouTube,New Launch,23/09/2029,23/09/2029,35398.96,662428,14251,4.39,,Youth
5352,Instagram,Brand Awareness,30/09/2029,30/09/2029,39979.96,112537,30382,4.18,,Youth
5353,YouTube,Product Spotlight,"Oct 07, 2029","Oct 07, 2029",30050.69,780625,42572,0.45,,Youth
5354,YouTube,Festival Discount,14/10/2029,14/10/2029,34059.17,645589,43694,5.03,,Youth
5355,Instagram,New Launch,21/10/2029,21/10/2029,5608.28,280151,44326,5.59,,Adults
5356,Twitter,New Launch,28/10/2029,28/10/2029,12297.68,911347,22949,5.63,,Youth
5357,Facebook,Sale Promo,"Nov 04, 2029","Nov 04, 2029",49321.16,241704,44528,7.1,Pull our data many foreign.,General Public
5358,YouTube,Product Spotlight,11/11/2029,11/11/2029,8419.71,127419,33902,1.86,Likely agree amount resource including.,General Public
5359,Facebook,Festival Discount,2029-11-18,2029-11-18,35545.47,313931,33043,2.6,,Tech Enthusiasts
5360,LinkedIn,Brand Awareness,"Nov 25, 2029","Nov 25, 2029",12923.72,846014,29862,8.13,Machine particularly this card still choose amount.,Youth
5361,Facebook,Sale Promo,"Dec 02, 2029","Dec 02, 2029",37252.34,740151,27815,9.48,,General Public
5362,Instagram,Festival Discount,09/12/2029,09/12/2029,36769.57,763158,28246,1.45,,General Public
5363,Facebook,Product Spotlight,2029-12-16,2029-12-16,15538.96,880061,10557,5.03,,General Public
5364,Facebook,Festival Discount,23/12/2029,23/12/2029,17133.55,802214,46613,2.22,Short four assume.,Adults
5365,Facebook,New Launch,30/12/2029,30/12/2029,34464.68,601058,43415,0.69,Question record every care type weight.,Youth
5366,Twitter,New Launch,2030-01-06,2030-01-06,22553.87,591933,21561,3.32,,Adults
5367,Twitter,Sale Promo,2030-01-13,2030-01-13,13754.66,637797,34657,1.52,Suddenly cell good ready according want accept.,Adults
5368,LinkedIn,Product Spotlight,2030-01-20,2030-01-20,37925.58,240796,46339,7.13,,General Public
5369,Instagram,Product Spotlight,27/01/2030,27/01/2030,11936.64,959500,11822,5.38,,General Public
5370,Facebook,Festival Discount,2030-02-03,2030-02-03,43503.96,825636,4776,1.52,Son that animal.,Tech Enthusiasts
5371,Facebook,Sale Promo,"Feb 10, 2030","Feb 10, 2030",28160.13,551440,12806,0.19,View participant speech buy record price.,Youth
5372,Facebook,Product Spotlight,2030-02-17,2030-02-17,9756.53,534154,34517,8.1,,Youth
5373,Facebook,New Launch,"Feb 24, 2030","Feb 24, 2030",36233.26,458402,28242,1.84,,General Public
5374,Twitter,Festival Discount,03/03/2030,03/03/2030,28362.34,773260,32100,6.1,,General Public
5375,LinkedIn,Brand Awareness,10/03/2030,10/03/2030,18412.59,362699,18129,3.44,,Youth
5376,YouTube,New Launch,2030-03-17,2030-03-17,24014.27,226096,8745,5.9,You usually safe data bed prevent push.,Tech Enthusiasts
5377,Instagram,Sale Promo,2030-03-24,2030-03-24,18425.2,768019,31914,3.22,Quickly full bad couple issue.,General Public
5378,Facebook,Product Spotlight,"Mar 31, 2030","Mar 31, 2030",16836.16,291833,44370,0.96,,Tech Enthusiasts
5379,LinkedIn,New Launch,07/04/2030,07/04/2030,12362.38,716050,30598,2.31,Build partner than compare material apply far.,Adults
5380,YouTube,Brand Awareness,14/04/2030,14/04/2030,21324.52,497258,49494,1.96,,General Public
5381,LinkedIn,Brand Awareness,"Apr 21, 2030","Apr 21, 2030",16294.42,355395,11088,4.34,Letter look world hair if night.,Adults
5382,Twitter,Sale Promo,"Apr 28, 2030","Apr 28, 2030",35754.55,198392,942,6.62,,General Public
5383,YouTube,New Launch,2030-05-05,2030-05-05,35774.45,991730,40244,2.71,Pay think hundred threat.,Adults
5384,LinkedIn,Festival Discount,2030-05-12,2030-05-12,27582.81,721451,37943,0.22,,General Public
5385,Twitter,New Launch,2030-05-19,2030-05-19,40007.5,378709,12303,5.24,,Tech Enthusiasts
5386,LinkedIn,Brand Awareness,26/05/2030,26/05/2030,42860.29,482517,41221,6.1,Modern short thus wrong reduce fear those.,Tech Enthusiasts
5387,LinkedIn,Sale Promo,02/06/2030,02/06/2030,31089.49,949446,37645,9.63,,Tech Enthusiasts
5388,YouTube,Sale Promo,09/06/2030,09/06/2030,32852.08,48712,11099,5.94,,Adults
5389,Twitter,Festival Discount,2030-06-16,2030-06-16,17729.87,791675,7558,4.76,,Tech Enthusiasts
5390,Facebook,Sale Promo,2030-06-23,2030-06-23,45269.11,246502,17706,5.78,,Adults
5391,Instagram,Sale Promo,2030-06-30,2030-06-30,6089.27,206349,12394,9.29,,General Public
5392,YouTube,Sale Promo,2030-07-07,2030-07-07,20687.11,321776,3439,8.3,Her middle full high such anything.,Adults
5393,Twitter,Sale Promo,2030-07-14,2030-07-14,37481.02,965535,22649,3.3,,General Public
5394,LinkedIn,Sale Promo,2030-07-21,2030-07-21,8604.03,554766,1531,2.45,,Youth
5395,Twitter,Brand Awareness,28/07/2030,28/07/2030,13242.63,32551,10708,2.7,,Youth
5396,Instagram,New Launch,04/08/2030,04/08/2030,31517.86,58068,1062,5.09,Live tell ever.,Youth
5397,Instagram,Product Spotlight,11/08/2030,11/08/2030,30199.72,103608,43998,7.47,Quickly technology oil policy.,Adults
5398,Facebook,Sale Promo,18/08/2030,18/08/2030,38251.77,569849,49992,5.08,,Youth
5399,Facebook,Product Spotlight,2030-08-25,2030-08-25,41567.57,143964,21451,0.77,Partner rise nearly election organization remain ok wife.,Youth
5400,Instagram,Product Spotlight,2030-09-01,2030-09-01,10786.08,296539,49420,7.26,Dinner economy buy represent agency.,Youth
5401,YouTube,Brand Awareness,2030-09-08,2030-09-08,5827.14,553044,47266,8.08,,General Public
5402,YouTube,Sale Promo,"Sep 15, 2030","Sep 15, 2030",36033.73,257652,28851,2.97,,Tech Enthusiasts
5403,LinkedIn,Product Spotlight,"Sep 22, 2030","Sep 22, 2030",18562.63,962155,19180,6.67,,Adults
5404,Facebook,Sale Promo,"Sep 29, 2030","Sep 29, 2030",33169.28,261227,49886,4.32,,Youth
5405,LinkedIn,Festival Discount,06/10/2030,06/10/2030,11774.51,338477,22086,8.9,Explain suggest single I.,General Public
5406,Facebook,Festival Discount,2030-10-13,2030-10-13,26106.8,476961,9808,8.47,,Tech Enthusiasts
5407,Instagram,Festival Discount,"Oct 20, 2030","Oct 20, 2030",27699.11,509755,10109,5.3,,Tech Enthusiasts
5408,YouTube,Product Spotlight,27/10/2030,27/10/2030,31328.5,714666,29995,6.95,,Tech Enthusiasts
5409,YouTube,Festival Discount,2030-11-03,2030-11-03,28092.65,686706,18175,8.85,,General Public
5410,Instagram,Brand Awareness,2030-11-10,2030-11-10,27306.08,909993,28564,5.01,,Youth
5411,LinkedIn,Brand Awareness,"Nov 17, 2030","Nov 17, 2030",19973.04,824456,9220,3.2,,Tech Enthusiasts
5412,LinkedIn,Product Spotlight,2030-11-24,2030-11-24,8203.11,760310,43440,7.56,,General Public
5413,Twitter,Sale Promo,2030-12-01,2030-12-01,9028.41,521984,14957,2.28,,General Public
5414,Facebook,New Launch,2030-12-08,2030-12-08,24520.02,444034,3439,3.95,,Adults
5415,LinkedIn,Sale Promo,"Dec 15, 2030","Dec 15, 2030",21010.69,540235,47613,8.67,,General Public
5416,Instagram,Sale Promo,22/12/2030,22/12/2030,28226.07,489456,49426,7.27,Painting effect difference wall hospital owner take.,Tech Enthusiasts
5417,LinkedIn,Sale Promo,29/12/2030,29/12/2030,18717.72,137192,38703,4.1,,Tech Enthusiasts
5418,YouTube,Sale Promo,"Jan 05, 2031","Jan 05, 2031",35955.95,791879,23865,2.23,,General Public
5419,Facebook,New Launch,2031-01-12,2031-01-12,43877.97,890670,5892,3.62,,Tech Enthusiasts
5420,Twitter,Festival Discount,"Jan 19, 2031","Jan 19, 2031",18448.84,339572,26405,2.91,Available thousand hundred.,General Public
5421,Facebook,Sale Promo,26/01/2031,26/01/2031,13684.28,957258,8472,1.84,,Tech Enthusiasts
5422,YouTube,Brand Awareness,2031-02-02,2031-02-02,10228.13,335499,31153,7.46,Later similar without result final.,Adults
5423,YouTube,Product Spotlight,09/02/2031,09/02/2031,32731.43,461457,26829,2.6,If style full statement expect.,Youth
5424,YouTube,Product Spotlight,16/02/2031,16/02/2031,24973.52,472176,19684,4.6,,Adults
5425,YouTube,Brand Awareness,2031-02-23,2031-02-23,13460.71,926390,15299,3.92,Standard parent hot.,Adults
5426,Instagram,Sale Promo,"Mar 02, 2031","Mar 02, 2031",34391.15,792780,15552,9.82,,Youth
5427,Twitter,New Launch,09/03/2031,09/03/2031,11681.74,248826,6544,3.97,,Tech Enthusiasts
5428,YouTube,Festival Discount,"Mar 16, 2031","Mar 16, 2031",29943.53,678778,20371,0.89,Can alone store bit check third able role.,Youth
5429,YouTube,Product Spotlight,23/03/2031,23/03/2031,28721.68,760782,24267,0.99,,General Public
5430,LinkedIn,Festival Discount,2031-03-30,2031-03-30,38040.25,765679,47683,5.95,,Youth
5431,Twitter,New Launch,2031-04-06,2031-04-06,7479.93,491809,20734,6.03,,Adults
5432,Facebook,Product Spotlight,13/04/2031,13/04/2031,44954.28,196256,21881,4.25,Deep physical term necessary those.,Youth
5433,Twitter,Festival Discount,2031-04-20,2031-04-20,36634.63,932337,17774,4.38,,Tech Enthusiasts
5434,Twitter,New Launch,27/04/2031,27/04/2031,14725.67,779606,47126,0.63,Wait about painting last fly receive.,Adults
5435,Twitter,Festival Discount,2031-05-04,2031-05-04,13253.24,182905,22804,5.21,,General Public
5436,YouTube,Sale Promo,"May 11, 2031","May 11, 2031",24424.71,403781,18072,5.1,,Tech Enthusiasts
5437,YouTube,New Launch,"May 18, 2031","May 18, 2031",41790.44,967684,38912,1.58,Drop senior baby simply.,Adults
5438,Instagram,Festival Discount,25/05/2031,25/05/2031,42932.75,28402,26465,1.13,,General Public
5439,Facebook,Sale Promo,2031-06-01,2031-06-01,28420.52,183917,18884,1.32,,Tech Enthusiasts
5440,LinkedIn,Sale Promo,2031-06-08,2031-06-08,43736.49,610139,18355,1.1,Few see very real physical back leave.,General Public
5441,Twitter,New Launch,15/06/2031,15/06/2031,5244.97,22834,18420,6.14,,Youth
5442,Facebook,Brand Awareness,2031-06-22,2031-06-22,6582.86,602138,17202,2.05,Their point rule century game politics others.,Youth
5443,Facebook,Product Spotlight,2031-06-29,2031-06-29,46031.97,47180,38421,2.59,Near situation others price different scene whatever.,General Public
5444,Instagram,New Launch,"Jul 06, 2031","Jul 06, 2031",39889.94,407099,2394,1.82,Left seem Democrat.,Youth
5445,LinkedIn,Sale Promo,2031-07-13,2031-07-13,25281.77,643976,31485,9.58,Blue center together could.,General Public
5446,Twitter,Sale Promo,20/07/2031,20/07/2031,38912.46,216659,28787,8.56,,Tech Enthusiasts
5447,LinkedIn,New Launch,2031-07-27,2031-07-27,48003.78,378664,8491,2.38,Nothing church military professional.,Adults
5448,Instagram,Brand Awareness,2031-08-03,2031-08-03,39744.03,808127,15939,3.34,,General Public
5449,YouTube,Product Spotlight,10/08/2031,10/08/2031,42906.71,137135,29584,2.18,,Adults
5450,Facebook,Festival Discount,17/08/2031,17/08/2031,39227.3,164195,42735,4.97,,Adults
5451,Twitter,New Launch,2031-08-24,2031-08-24,12569.5,592769,28159,0.29,Ability before same company together field low.,General Public
5452,YouTube,Product Spotlight,31/08/2031,31/08/2031,42510.83,607726,25476,6.75,Idea their security where develop half chance.,Youth
5453,Instagram,Product Spotlight,"Sep 07, 2031","Sep 07, 2031",13779.9,645779,39203,5.28,,Tech Enthusiasts
5454,LinkedIn,Sale Promo,14/09/2031,14/09/2031,45167.51,532741,17607,9.0,,Adults
5455,Facebook,Festival Discount,"Sep 21, 2031","Sep 21, 2031",25639.25,420789,2829,1.73,,Tech Enthusiasts
5456,Twitter,New Launch,2031-09-28,2031-09-28,35463.95,656132,42595,8.06,,Adults
5457,YouTube,Sale Promo,05/10/2031,05/10/2031,27375.84,367054,3270,7.94,,General Public
5458,YouTube,Sale Promo,12/10/2031,12/10/2031,9229.59,66494,5346,1.36,,Youth
5459,Facebook,Brand Awareness,"Oct 19, 2031","Oct 19, 2031",18082.5,415504,17151,4.05,Admit full between family nature ability play.,Tech Enthusiasts
5460,LinkedIn,Product Spotlight,"Oct 26, 2031","Oct 26, 2031",49267.93,843410,49544,1.78,,Adults
5461,Instagram,New Launch,02/11/2031,02/11/2031,48232.16,999924,15133,2.62,,General Public
5462,LinkedIn,New Launch,"Nov 09, 2031","Nov 09, 2031",19421.91,389989,14128,2.71,,General Public
5463,LinkedIn,New Launch,16/11/2031,16/11/2031,49833.36,927053,1069,5.61,,Adults
5464,LinkedIn,Sale Promo,2031-11-23,2031-11-23,43049.8,741455,2473,4.17,,Adults
5465,Facebook,Brand Awareness,"Nov 30, 2031","Nov 30, 2031",32493.18,64672,36090,9.48,Feel true especially.,Adults
5466,Facebook,Festival Discount,07/12/2031,07/12/2031,6805.61,596109,33538,1.35,,Youth
5467,Instagram,Sale Promo,2031-12-14,2031-12-14,45565.11,880093,49588,9.74,Line society throughout brother attack suddenly open little.,Adults
5468,LinkedIn,Festival Discount,"Dec 21, 2031","Dec 21, 2031",30084.32,79224,8141,2.38,,Adults
5469,Facebook,Brand Awareness,28/12/2031,28/12/2031,44081.43,885837,9430,7.75,,Youth
5470,Instagram,Product Spotlight,2032-01-04,2032-01-04,42549.31,244745,7180,3.46,,General Public
5471,Instagram,New Launch,11/01/2032,11/01/2032,42485.28,64796,1757,1.52,,Adults
5472,LinkedIn,Festival Discount,2032-01-18,2032-01-18,36417.82,447922,8750,8.59,,Tech Enthusiasts
5473,Twitter,Sale Promo,"Jan 25, 2032","Jan 25, 2032",18113.68,662842,38638,3.16,,General Public
5474,LinkedIn,Festival Discount,2032-02-01,2032-02-01,20127.21,395921,29257,6.62,,Tech Enthusiasts
5475,Twitter,Product Spotlight,"Feb 08, 2032","Feb 08, 2032",18881.11,276167,5358,5.71,Happen couple daughter.,Adults
5476,Instagram,New Launch,2032-02-15,2032-02-15,5902.07,779646,41849,4.77,,Youth
5477,Facebook,Festival Discount,2032-02-22,2032-02-22,31215.6,747996,13991,5.01,,Youth
5478,YouTube,Product Spotlight,2032-02-29,2032-02-29,36447.52,177807,25794,7.35,,Youth
5479,Instagram,Sale Promo,"Mar 07, 2032","Mar 07, 2032",43423.97,869391,45704,0.97,,Adults
5480,Facebook,Brand Awareness,2032-03-14,2032-03-14,11307.44,573506,46138,6.71,For voice no make news.,Adults
5481,Instagram,Sale Promo,"Mar 21, 2032","Mar 21, 2032",29488.24,939717,49772,8.97,,Tech Enthusiasts
5482,LinkedIn,New Launch,28/03/2032,28/03/2032,5360.37,504735,7408,0.67,Live shoulder approach born movie move.,Youth
5483,Twitter,Sale Promo,04/04/2032,04/04/2032,9279.21,525729,11344,1.49,,Adults
5484,Instagram,Sale Promo,"Apr 11, 2032","Apr 11, 2032",7439.53,239766,38129,7.19,,General Public
5485,Facebook,Sale Promo,"Apr 18, 2032","Apr 18, 2032",37646.51,824892,3411,4.43,,Adults
5486,LinkedIn,Sale Promo,25/04/2032,25/04/2032,8647.68,921011,9491,4.1,By catch money.,Adults
5487,YouTube,New Launch,"May 02, 2032","May 02, 2032",37240.38,861112,12072,1.46,,General Public
5488,LinkedIn,Product Spotlight,09/05/2032,09/05/2032,16233.11,41017,43566,5.12,,Youth
5489,Twitter,Festival Discount,"May 16, 2032","May 16, 2032",44497.08,364182,30193,1.35,Success entire whose push water experience international perhaps.,General Public
5490,LinkedIn,Brand Awareness,2032-05-23,2032-05-23,41591.75,958494,40504,4.82,,Youth
5491,YouTube,Festival Discount,2032-05-30,2032-05-30,48102.36,553803,38833,7.66,Central lawyer range real nor federal.,General Public
5492,Facebook,Festival Discount,06/06/2032,06/06/2032,44769.29,433207,17993,2.66,,Tech Enthusiasts
5493,Instagram,Brand Awareness,13/06/2032,13/06/2032,46999.82,410850,40197,4.86,Poor vote book.,Youth
5494,Twitter,New Launch,"Jun 20, 2032","Jun 20, 2032",43643.41,218106,18134,9.92,,Adults
5495,YouTube,Brand Awareness,"Jun 27, 2032","Jun 27, 2032",36202.19,956881,25061,6.9,Lead hot team card say work.,Tech Enthusiasts
5496,Twitter,New Launch,2032-07-04,2032-07-04,12661.66,829433,18533,8.43,,Youth
5497,LinkedIn,Festival Discount,11/07/2032,11/07/2032,17226.84,535679,7851,4.21,,Youth
5498,Twitter,New Launch,2032-07-18,2032-07-18,14572.71,730566,26421,7.7,Level adult end your know until rate.,Youth
5499,YouTube,Product Spotlight,2032-07-25,2032-07-25,32161.36,643676,19840,0.5,,General Public
5500,Instagram,Brand Awareness,2032-08-01,2032-08-01,27662.9,314359,15401,1.32,,Youth
5501,Instagram,Product Spotlight,08/08/2032,08/08/2032,44018.6,614008,11138,2.11,South follow notice measure small mission arrive.,Adults
5502,Twitter,Festival Discount,2032-08-15,2032-08-15,47870.28,299258,39096,4.08,Reveal kitchen action make maintain activity.,Youth
5503,Facebook,Brand Awareness,2032-08-22,2032-08-22,23218.7,677242,21878,8.47,,Adults
5504,Twitter,Festival Discount,"Aug 29, 2032","Aug 29, 2032",27785.77,909574,44824,3.53,,Adults
5505,LinkedIn,Product Spotlight,"Sep 05, 2032","Sep 05, 2032",48718.24,682633,23320,6.58,,Adults
5506,Instagram,Festival Discount,12/09/2032,12/09/2032,17430.75,378350,25560,7.12,Within notice service everyone conference sign member.,Tech Enthusiasts
5507,Instagram,Brand Awareness,2032-09-19,2032-09-19,40657.58,579935,33142,5.9,Tough watch end would seek simply space.,Adults
5508,Instagram,Brand Awareness,2032-09-26,2032-09-26,15135.8,485881,25878,3.64,Garden involve left radio note form rate.,General Public
5509,Facebook,Festival Discount,03/10/2032,03/10/2032,35665.71,730252,8650,5.81,,Youth
5510,Facebook,Brand Awareness,"Oct 10, 2032","Oct 10, 2032",16412.7,576967,43375,3.49,,General Public
5511,YouTube,Brand Awareness,17/10/2032,17/10/2032,44768.0,272571,24559,0.93,,Tech Enthusiasts
5512,Twitter,Festival Discount,"Oct 24, 2032","Oct 24, 2032",30266.51,762312,35025,9.93,,Youth
5513,Twitter,Product Spotlight,"Oct 31, 2032","Oct 31, 2032",13367.01,926101,18693,1.36,,Adults
5514,LinkedIn,Brand Awareness,07/11/2032,07/11/2032,15096.61,600555,44467,0.82,,Youth
5515,Instagram,Brand Awareness,14/11/2032,14/11/2032,27223.21,10799,28301,8.8,,Tech Enthusiasts
5516,Facebook,Brand Awareness,"Nov 21, 2032","Nov 21, 2032",48272.09,327803,49563,3.09,,Tech Enthusiasts
5517,LinkedIn,Brand Awareness,2032-11-28,2032-11-28,39633.9,497625,26746,6.54,,General Public
5518,LinkedIn,Festival Discount,2032-12-05,2032-12-05,26973.93,541313,13307,3.36,,Youth
5519,Facebook,Product Spotlight,"Dec 12, 2032","Dec 12, 2032",20197.36,548769,18035,3.98,,Youth
5520,Twitter,Product Spotlight,19/12/2032,19/12/2032,29717.08,297555,5992,2.69,None way bed education say seven special.,Youth
5521,Instagram,New Launch,2032-12-26,2032-12-26,38676.24,762254,31857,3.5,Really read go friend piece.,General Public
5522,Twitter,Brand Awareness,2033-01-02,2033-01-02,40276.79,640216,6802,4.17,,Tech Enthusiasts
5523,LinkedIn,Brand Awareness,"Jan 09, 2033","Jan 09, 2033",19607.4,657302,32814,7.23,Operation offer different me.,Adults
5524,Instagram,New Launch,16/01/2033,16/01/2033,37452.17,418177,49197,5.16,May not eight health sometimes add.,Youth
5525,YouTube,Product Spotlight,23/01/2033,23/01/2033,34600.5,424983,5247,9.44,,General Public
5526,LinkedIn,Sale Promo,30/01/2033,30/01/2033,48160.05,524111,47506,0.51,Thought difficult always fly another interview strong create.,General Public
5527,Twitter,Sale Promo,06/02/2033,06/02/2033,46899.06,61690,41670,5.08,,Adults
5528,Twitter,Product Spotlight,"Feb 13, 2033","Feb 13, 2033",40522.07,587158,11186,5.88,,Tech Enthusiasts
5529,Twitter,Brand Awareness,2033-02-20,2033-02-20,37552.76,701495,37949,9.21,,Youth
5530,Facebook,Sale Promo,27/02/2033,27/02/2033,17331.87,992018,19391,0.59,,Youth
5531,LinkedIn,Festival Discount,06/03/2033,06/03/2033,43068.44,96928,36696,5.78,,General Public
5532,Instagram,Festival Discount,"Mar 13, 2033","Mar 13, 2033",24237.76,531921,30428,8.55,,Tech Enthusiasts
5533,Twitter,New Launch,"Mar 20, 2033","Mar 20, 2033",17250.82,744158,7994,2.5,,Youth
5534,Twitter,Product Spotlight,2033-03-27,2033-03-27,22287.23,605053,37223,8.78,Would range each capital election public car.,Adults
5535,Facebook,Product Spotlight,"Apr 03, 2033","Apr 03, 2033",42617.1,295916,30377,0.29,High suffer reduce base contain various.,Tech Enthusiasts
5536,Instagram,Sale Promo,"Apr 10, 2033","Apr 10, 2033",11688.49,926849,28481,7.35,,Tech Enthusiasts
5537,LinkedIn,Brand Awareness,17/04/2033,17/04/2033,25527.14,815231,14526,9.34,Over entire write difference.,General Public
5538,YouTube,Product Spotlight,2033-04-24,2033-04-24,27156.09,384195,20922,6.61,Finally maintain low just article push.,General Public
5539,Facebook,Sale Promo,"May 01, 2033","May 01, 2033",6648.34,664229,9744,4.45,Century her sometimes.,Youth
5540,LinkedIn,Sale Promo,2033-05-08,2033-05-08,13808.57,33555,33981,0.54,Center wear admit her whom population PM response.,General Public
5541,YouTube,Product Spotlight,"May 15, 2033","May 15, 2033",42203.41,888584,24144,9.21,,Tech Enthusiasts
5542,Twitter,Sale Promo,22/05/2033,22/05/2033,42384.53,399363,44348,4.76,,Youth
5543,Twitter,New Launch,"May 29, 2033","May 29, 2033",18158.68,946837,9021,0.39,,Youth
5544,Instagram,New Launch,05/06/2033,05/06/2033,44370.38,407477,2246,6.93,,Tech Enthusiasts
5545,YouTube,Product Spotlight,"Jun 12, 2033","Jun 12, 2033",39730.23,391977,18091,4.87,Production group behavior total.,Youth
5546,Twitter,Brand Awareness,"Jun 19, 2033","Jun 19, 2033",23805.84,865434,27218,1.33,,Adults
5547,Twitter,New Launch,"Jun 26, 2033","Jun 26, 2033",38678.29,318697,3196,2.22,,Adults
5548,Instagram,New Launch,"Jul 03, 2033","Jul 03, 2033",48260.06,275232,12512,0.74,,Youth
5549,LinkedIn,Product Spotlight,2033-07-10,2033-07-10,25653.64,580071,15188,5.79,,General Public
5550,Twitter,Festival Discount,"Jul 17, 2033","Jul 17, 2033",15729.22,535403,23957,6.26,,Adults
5551,Facebook,Sale Promo,"Jul 24, 2033","Jul 24, 2033",47381.74,997618,5536,5.11,Nothing radio field medical real tree with.,Youth
5552,Facebook,New Launch,"Jul 31, 2033","Jul 31, 2033",32168.49,733486,40395,8.19,,Adults
5553,LinkedIn,Festival Discount,"Aug 07, 2033","Aug 07, 2033",9736.93,82908,30460,8.62,,General Public
5554,YouTube,Brand Awareness,14/08/2033,14/08/2033,30770.73,603397,36986,6.19,,Tech Enthusiasts
5555,Instagram,Festival Discount,"Aug 21, 2033","Aug 21, 2033",27526.14,799410,22659,0.23,Particular catch poor write.,Youth
5556,Facebook,Product Spotlight,2033-08-28,2033-08-28,43501.5,381087,8410,6.98,Finally pass career check field course more.,Youth
5557,Facebook,Brand Awareness,"Sep 04, 2033","Sep 04, 2033",28881.28,19422,3193,4.24,,Youth
5558,LinkedIn,Brand Awareness,"Sep 11, 2033","Sep 11, 2033",16485.46,184698,16358,5.7,,Youth
5559,YouTube,Festival Discount,18/09/2033,18/09/2033,35403.98,623521,29310,6.53,Great will boy agree certain deal.,Youth
5560,YouTube,Product Spotlight,"Sep 25, 2033","Sep 25, 2033",29415.9,852606,20592,3.57,Friend during cold.,Youth
5561,LinkedIn,New Launch,2033-10-02,2033-10-02,15487.01,499572,23743,9.18,Traditional father six reality believe purpose occur until.,General Public
5562,Facebook,Festival Discount,"Oct 09, 2033","Oct 09, 2033",30813.25,47743,49200,1.43,Human memory success central even type.,Tech Enthusiasts
5563,Instagram,New Launch,"Oct 16, 2033","Oct 16, 2033",41969.1,735821,31005,6.75,Run statement however officer realize mind surface goal.,General Public
5564,Facebook,Festival Discount,"Oct 23, 2033","Oct 23, 2033",6285.69,460415,8192,0.14,,General Public
5565,YouTube,New Launch,30/10/2033,30/10/2033,33388.3,402432,29055,9.25,,Tech Enthusiasts
5566,Facebook,Festival Discount,06/11/2033,06/11/2033,20731.33,663288,6898,1.21,Make within price determine serious.,General Public
5567,Instagram,Brand Awareness,13/11/2033,13/11/2033,18170.22,394922,7752,1.04,Million kind letter concern fill scientist.,Adults
5568,Twitter,Sale Promo,2033-11-20,2033-11-20,22666.45,563718,12221,3.4,,General Public
5569,Facebook,Brand Awareness,27/11/2033,27/11/2033,20391.02,38834,18439,3.8,System drug reflect be loss prepare tough.,Youth
5570,LinkedIn,New Launch,"Dec 04, 2033","Dec 04, 2033",42450.76,558723,12325,2.22,,Adults
5571,Twitter,Product Spotlight,11/12/2033,11/12/2033,17365.9,97212,25751,5.89,,Adults
5572,LinkedIn,Brand Awareness,18/12/2033,18/12/2033,37991.89,590085,37455,4.48,Camera strong consumer.,Tech Enthusiasts
5573,LinkedIn,Sale Promo,2033-12-25,2033-12-25,9232.69,446770,24651,0.44,High often finally company.,General Public
5574,LinkedIn,New Launch,"Jan 01, 2034","Jan 01, 2034",47812.84,588843,536,3.26,Cut school agent other imagine.,General Public
5575,Facebook,Brand Awareness,08/01/2034,08/01/2034,33004.25,95350,28912,8.12,,Adults
5576,YouTube,Festival Discount,"Jan 15, 2034","Jan 15, 2034",36802.34,24716,18671,6.93,,General Public
5577,Twitter,Product Spotlight,"Jan 22, 2034","Jan 22, 2034",18411.77,70261,39551,7.28,,General Public
5578,Instagram,New Launch,29/01/2034,29/01/2034,23544.35,955032,33261,7.01,,Tech Enthusiasts
5579,YouTube,Brand Awareness,"Feb 05, 2034","Feb 05, 2034",15070.03,798427,15702,3.18,,Adults
5580,Facebook,New Launch,2034-02-12,2034-02-12,46964.12,556702,8560,1.09,,Youth
5581,LinkedIn,Festival Discount,2034-02-19,2034-02-19,26964.7,679204,8565,2.8,,Adults
5582,Instagram,Sale Promo,"Feb 26, 2034","Feb 26, 2034",33370.17,702019,30373,8.33,,Tech Enthusiasts
5583,Twitter,Brand Awareness,2034-03-05,2034-03-05,38042.24,25522,37148,9.81,,Tech Enthusiasts
5584,YouTube,New Launch,2034-03-12,2034-03-12,21699.77,508665,6432,4.99,,Tech Enthusiasts
5585,YouTube,New Launch,19/03/2034,19/03/2034,37404.57,401776,26970,0.2,,General Public
5586,Instagram,New Launch,26/03/2034,26/03/2034,35419.66,870466,8828,1.49,,Adults
5587,Facebook,Sale Promo,02/04/2034,02/04/2034,36754.67,838754,6833,3.29,,General Public
5588,Twitter,New Launch,09/04/2034,09/04/2034,27015.35,339782,47138,5.83,,General Public
5589,Instagram,Product Spotlight,16/04/2034,16/04/2034,22232.18,897766,11768,0.84,A ask last he.,Adults
5590,LinkedIn,Product Spotlight,23/04/2034,23/04/2034,14993.7,673884,5567,9.44,Scene just necessary soon hundred above.,Tech Enthusiasts
5591,Twitter,New Launch,30/04/2034,30/04/2034,42108.19,565134,48884,3.71,,Youth
5592,YouTube,Product Spotlight,07/05/2034,07/05/2034,32375.75,870075,45343,9.13,,Youth
5593,Instagram,Brand Awareness,2034-05-14,2034-05-14,24995.85,987600,17545,7.83,Fear project fast woman.,Adults
5594,YouTube,Product Spotlight,2034-05-21,2034-05-21,47479.82,649218,41241,7.58,,Adults
5595,YouTube,New Launch,"May 28, 2034","May 28, 2034",7152.75,975207,23270,6.11,Song organization test explain could benefit.,Tech Enthusiasts
5596,YouTube,Festival Discount,"Jun 04, 2034","Jun 04, 2034",43257.74,296543,43270,6.31,,Adults
5597,Facebook,Brand Awareness,11/06/2034,11/06/2034,49891.22,740520,8387,6.42,,Adults
5598,YouTube,Sale Promo,2034-06-18,2034-06-18,44912.39,233734,33682,6.32,,Tech Enthusiasts
5599,LinkedIn,New Launch,25/06/2034,25/06/2034,41469.65,754027,32870,5.58,Decade commercial scientist thousand evening per generation.,Tech Enthusiasts
