Sale_ID,Product_Type,Region,Sale_Date,Customer_Area_Code,Complaint_Logged_Date,Complaint_Type,Status,Resolution_Time_Days,Comments,Sale_Date_parsed,Complaint_Logged_Date_parsed
1000,Earbuds,South,"Jan 01, 2023",C3,"Jan 01, 2023",Late Delivery,In progress,3.0,Rate answer help what white.,2023-01-01,2023-01-01
1001,Earbuds,East,02/01/2023,C3,02/01/2023,Non-Functioning,Closed,1.0,,2023-01-02,2023-01-02
1002,Soundbar,South,2023-01-03,C3,2023-01-03,Non-Functioning,Pending,3.0,,2023-01-03,2023-01-03
1003,Soundbar,South,04/01/2023,D4,04/01/2023,Non-Functioning,Resolved,5.0,,2023-01-04,2023-01-04
1004,Earbuds,North,05/01/2023,E5,05/01/2023,Late Delivery,Closed,3.0,Control recognize card top.,2023-01-05,2023-01-05
1005,Charging Cable,South,06/01/2023,A1,06/01/2023,Non-Functioning,In progress,3.0,,2023-01-06,2023-01-06
1006,Earbuds,West,07/01/2023,B2,07/01/2023,Warranty Issue,In progress,5.0,Agree energy during drop.,2023-01-07,2023-01-07
1007,Headphones,South,2023-01-08,A1,2023-01-08,Warranty Issue,Closed,5.0,,2023-01-08,2023-01-08
1008,Bluetooth Speaker,East,2023-01-09,D4,2023-01-09,Warranty Issue,In progress,5.0,,2023-01-09,2023-01-09
1009,Charging Cable,East,10/01/2023,C3,10/01/2023,Warranty Issue,Pending,3.0,,2023-01-10,2023-01-10
1011,Charging Cable,East,2023-01-12,D4,2023-01-12,Warranty Issue,Pending,5.0,,2023-01-12,2023-01-12
1012,Headphones,South,13/01/2023,D4,13/01/2023,Non-Functioning,In progress,3.0,Them experience medical west.,2023-01-13,2023-01-13
1013,Bluetooth Speaker,East,2023-01-14,D4,2023-01-14,Late Delivery,Pending,3.0,,2023-01-14,2023-01-14
1014,Bluetooth Speaker,North,15/01/2023,B2,15/01/2023,Non-Functioning,Resolved,1.0,,2023-01-15,2023-01-15
1015,Soundbar,East,"Jan 16, 2023",B2,"Jan 16, 2023",Warranty Issue,Pending,1.0,Nice nature easy PM.,2023-01-16,2023-01-16
1016,Headphones,West,2023-01-17,E5,2023-01-17,Defect,Pending,10.0,Around design at situation.,2023-01-17,2023-01-17
1017,Soundbar,North,18/01/2023,E5,18/01/2023,Warranty Issue,In progress,5.0,,2023-01-18,2023-01-18
1018,Headphones,Central,"Jan 19, 2023",A1,"Jan 19, 2023",Late Delivery,Pending,7.0,,2023-01-19,2023-01-19
1019,Soundbar,West,2023-01-20,B2,2023-01-20,Non-Functioning,Closed,1.0,,2023-01-20,2023-01-20
1020,Bluetooth Speaker,South,"Jan 21, 2023",B2,"Jan 21, 2023",Late Delivery,Resolved,7.0,,2023-01-21,2023-01-21
1021,Charging Cable,South,"Jan 22, 2023",B2,"Jan 22, 2023",Late Delivery,In progress,5.0,,2023-01-22,2023-01-22
1022,Soundbar,South,"Jan 23, 2023",E5,"Jan 23, 2023",Late Delivery,Resolved,1.0,Professional challenge but.,2023-01-23,2023-01-23
1023,Headphones,West,2023-01-24,D4,2023-01-24,Non-Functioning,Closed,1.0,,2023-01-24,2023-01-24
1024,Headphones,West,25/01/2023,C3,25/01/2023,Warranty Issue,In progress,5.0,Move establish owner less.,2023-01-25,2023-01-25
1025,Bluetooth Speaker,West,26/01/2023,E5,26/01/2023,Late Delivery,In progress,10.0,,2023-01-26,2023-01-26
1026,Headphones,North,"Jan 27, 2023",B2,"Jan 27, 2023",Non-Functioning,Pending,7.0,,2023-01-27,2023-01-27
1027,Earbuds,North,2023-01-28,E5,2023-01-28,Defect,Resolved,1.0,,2023-01-28,2023-01-28
1028,Charging Cable,South,29/01/2023,A1,29/01/2023,Non-Functioning,Closed,1.0,,2023-01-29,2023-01-29
1029,Soundbar,East,"Jan 30, 2023",B2,"Jan 30, 2023",Defect,Closed,5.0,Kind away fine everybody.,2023-01-30,2023-01-30
1030,Charging Cable,South,31/01/2023,A1,31/01/2023,Non-Functioning,In progress,5.0,Act my wait give ok million.,2023-01-31,2023-01-31
1031,Bluetooth Speaker,Central,"Feb 01, 2023",B2,"Feb 01, 2023",Warranty Issue,Pending,10.0,,2023-02-01,2023-02-01
1032,Soundbar,North,02/02/2023,E5,02/02/2023,Late Delivery,In progress,7.0,,2023-02-02,2023-02-02
1033,Soundbar,West,"Feb 03, 2023",D4,"Feb 03, 2023",Warranty Issue,In progress,5.0,,2023-02-03,2023-02-03
1034,Earbuds,North,2023-02-04,C3,2023-02-04,Non-Functioning,In progress,10.0,,2023-02-04,2023-02-04
1035,Bluetooth Speaker,West,05/02/2023,A1,05/02/2023,Late Delivery,In progress,5.0,,2023-02-05,2023-02-05
1036,Headphones,Central,"Feb 06, 2023",E5,"Feb 06, 2023",Defect,Closed,3.0,,2023-02-06,2023-02-06
1037,Earbuds,Central,07/02/2023,D4,07/02/2023,Non-Functioning,Closed,1.0,Draw technology early whom.,2023-02-07,2023-02-07
1038,Earbuds,North,2023-02-08,E5,2023-02-08,Late Delivery,In progress,7.0,,2023-02-08,2023-02-08
1039,Charging Cable,West,2023-02-09,A1,2023-02-09,Defect,In progress,10.0,,2023-02-09,2023-02-09
1040,Charging Cable,Central,2023-02-10,C3,2023-02-10,Defect,Pending,1.0,,2023-02-10,2023-02-10
1041,Charging Cable,South,11/02/2023,E5,11/02/2023,Warranty Issue,In progress,7.0,,2023-02-11,2023-02-11
1042,Earbuds,South,12/02/2023,B2,12/02/2023,Non-Functioning,Closed,7.0,Let store training like.,2023-02-12,2023-02-12
1043,Headphones,West,2023-02-13,D4,2023-02-13,Defect,Resolved,7.0,,2023-02-13,2023-02-13
1044,Soundbar,North,14/02/2023,E5,14/02/2023,Late Delivery,Closed,1.0,Quickly accept matter spring.,2023-02-14,2023-02-14
1045,Charging Cable,Central,2023-02-15,D4,2023-02-15,Defect,Pending,10.0,Drive receive participant.,2023-02-15,2023-02-15
1046,Headphones,North,16/02/2023,B2,16/02/2023,Defect,Closed,5.0,,2023-02-16,2023-02-16
1047,Bluetooth Speaker,South,"Feb 17, 2023",C3,"Feb 17, 2023",Warranty Issue,Resolved,1.0,It foot whom rule wait.,2023-02-17,2023-02-17
1048,Charging Cable,Central,2023-02-18,C3,2023-02-18,Warranty Issue,In progress,7.0,,2023-02-18,2023-02-18
1049,Soundbar,North,2023-02-19,B2,2023-02-19,Late Delivery,Resolved,10.0,,2023-02-19,2023-02-19
1050,Bluetooth Speaker,East,20/02/2023,D4,20/02/2023,Warranty Issue,In progress,3.0,,2023-02-20,2023-02-20
1051,Bluetooth Speaker,West,2023-02-21,E5,2023-02-21,Defect,In progress,5.0,,2023-02-21,2023-02-21
1052,Soundbar,West,2023-02-22,B2,2023-02-22,Defect,Closed,7.0,Assume consider meeting.,2023-02-22,2023-02-22
1053,Charging Cable,East,"Feb 23, 2023",A1,"Feb 23, 2023",Warranty Issue,Closed,3.0,,2023-02-23,2023-02-23
1054,Earbuds,South,2023-02-24,D4,2023-02-24,Defect,Closed,5.0,Decision country east matter.,2023-02-24,2023-02-24
1055,Soundbar,Central,25/02/2023,C3,25/02/2023,Defect,Pending,7.0,,2023-02-25,2023-02-25
1056,Soundbar,West,2023-02-26,B2,2023-02-26,Late Delivery,Closed,3.0,,2023-02-26,2023-02-26
1057,Soundbar,East,27/02/2023,C3,27/02/2023,Warranty Issue,Pending,7.0,,2023-02-27,2023-02-27
1058,Bluetooth Speaker,East,28/02/2023,D4,28/02/2023,Defect,Closed,1.0,Hotel issue bag.,2023-02-28,2023-02-28
1059,Headphones,South,01/03/2023,C3,01/03/2023,Warranty Issue,In progress,10.0,,2023-03-01,2023-03-01
1060,Earbuds,South,"Mar 02, 2023",B2,"Mar 02, 2023",Late Delivery,Pending,3.0,,2023-03-02,2023-03-02
1061,Charging Cable,North,"Mar 03, 2023",D4,"Mar 03, 2023",Warranty Issue,Resolved,10.0,Produce also former eat.,2023-03-03,2023-03-03
1062,Charging Cable,West,2023-03-04,A1,2023-03-04,Defect,Pending,1.0,Police day enough become.,2023-03-04,2023-03-04
1063,Headphones,North,05/03/2023,B2,05/03/2023,Warranty Issue,Pending,1.0,Away and visit.,2023-03-05,2023-03-05
1064,Soundbar,East,06/03/2023,E5,06/03/2023,Defect,Resolved,10.0,,2023-03-06,2023-03-06
1065,Earbuds,Central,"Mar 07, 2023",B2,"Mar 07, 2023",Defect,Pending,3.0,Economy standard travel.,2023-03-07,2023-03-07
1066,Charging Cable,Central,08/03/2023,D4,08/03/2023,Defect,In progress,10.0,,2023-03-08,2023-03-08
1067,Charging Cable,South,"Mar 09, 2023",B2,"Mar 09, 2023",Late Delivery,Closed,10.0,,2023-03-09,2023-03-09
1068,Soundbar,Central,"Mar 10, 2023",A1,"Mar 10, 2023",Warranty Issue,Resolved,5.0,,2023-03-10,2023-03-10
1069,Headphones,Central,2023-03-11,A1,2023-03-11,Late Delivery,Closed,3.0,,2023-03-11,2023-03-11
1070,Earbuds,Central,12/03/2023,E5,12/03/2023,Warranty Issue,In progress,5.0,,2023-03-12,2023-03-12
1071,Headphones,East,13/03/2023,C3,13/03/2023,Late Delivery,Resolved,7.0,,2023-03-13,2023-03-13
1072,Headphones,Central,2023-03-14,D4,2023-03-14,Non-Functioning,Closed,10.0,,2023-03-14,2023-03-14
1073,Earbuds,Central,15/03/2023,D4,15/03/2023,Defect,Closed,7.0,With rest would once.,2023-03-15,2023-03-15
1074,Earbuds,Central,16/03/2023,C3,16/03/2023,Defect,In progress,3.0,,2023-03-16,2023-03-16
1075,Charging Cable,North,2023-03-17,A1,2023-03-17,Late Delivery,Closed,10.0,,2023-03-17,2023-03-17
1076,Charging Cable,East,2023-03-18,A1,2023-03-18,Non-Functioning,In progress,7.0,,2023-03-18,2023-03-18
1077,Earbuds,South,2023-03-19,B2,2023-03-19,Defect,Pending,5.0,,2023-03-19,2023-03-19
1078,Bluetooth Speaker,North,"Mar 20, 2023",E5,"Mar 20, 2023",Warranty Issue,In progress,1.0,,2023-03-20,2023-03-20
1079,Charging Cable,West,2023-03-21,E5,2023-03-21,Late Delivery,Pending,10.0,,2023-03-21,2023-03-21
1080,Bluetooth Speaker,East,22/03/2023,E5,22/03/2023,Defect,Resolved,1.0,White manager billion.,2023-03-22,2023-03-22
1081,Earbuds,East,2023-03-23,B2,2023-03-23,Defect,Closed,5.0,,2023-03-23,2023-03-23
1082,Charging Cable,West,2023-03-24,E5,2023-03-24,Late Delivery,In progress,7.0,Most boy sign.,2023-03-24,2023-03-24
1083,Headphones,West,25/03/2023,C3,25/03/2023,Late Delivery,In progress,5.0,,2023-03-25,2023-03-25
1084,Earbuds,West,2023-03-26,B2,2023-03-26,Warranty Issue,Closed,10.0,,2023-03-26,2023-03-26
1085,Soundbar,South,2023-03-27,C3,2023-03-27,Warranty Issue,Closed,1.0,,2023-03-27,2023-03-27
1086,Bluetooth Speaker,Central,28/03/2023,B2,28/03/2023,Defect,Resolved,1.0,,2023-03-28,2023-03-28
1087,Earbuds,East,2023-03-29,E5,2023-03-29,Defect,Resolved,7.0,Where Mr event sure.,2023-03-29,2023-03-29
1088,Earbuds,Central,"Mar 30, 2023",C3,"Mar 30, 2023",Late Delivery,In progress,10.0,These TV page once.,2023-03-30,2023-03-30
1089,Charging Cable,Central,31/03/2023,C3,31/03/2023,Defect,Resolved,5.0,,2023-03-31,2023-03-31
1090,Charging Cable,West,"Apr 01, 2023",C3,"Apr 01, 2023",Defect,Pending,5.0,One together which do small.,2023-04-01,2023-04-01
1091,Charging Cable,South,"Apr 02, 2023",B2,"Apr 02, 2023",Late Delivery,Resolved,7.0,Artist realize computer sit.,2023-04-02,2023-04-02
1092,Soundbar,North,2023-04-03,D4,2023-04-03,Defect,Resolved,10.0,,2023-04-03,2023-04-03
1093,Charging Cable,South,04/04/2023,E5,04/04/2023,Defect,In progress,7.0,,2023-04-04,2023-04-04
1094,Earbuds,Central,05/04/2023,C3,05/04/2023,Non-Functioning,Pending,10.0,,2023-04-05,2023-04-05
1095,Charging Cable,South,2023-04-06,D4,2023-04-06,Warranty Issue,Resolved,5.0,,2023-04-06,2023-04-06
1096,Headphones,West,07/04/2023,E5,07/04/2023,Late Delivery,Pending,7.0,,2023-04-07,2023-04-07
1097,Charging Cable,North,08/04/2023,E5,08/04/2023,Non-Functioning,Pending,10.0,,2023-04-08,2023-04-08
1098,Soundbar,West,2023-04-09,C3,2023-04-09,Warranty Issue,Pending,5.0,Sure everything buy much.,2023-04-09,2023-04-09
1099,Headphones,North,2023-04-10,C3,2023-04-10,Warranty Issue,Closed,10.0,,2023-04-10,2023-04-10
1100,Earbuds,Central,15-2023-03,B2,2023-04-11,Warranty Issue,Closed,10.0,,,2023-04-11
1101,Earbuds,North,2023-04-12,D4,2023-04-12,Non-Functioning,Closed,7.0,,2023-04-12,2023-04-12
1102,Bluetooth Speaker,North,13/04/2023,D4,13/04/2023,Non-Functioning,Closed,5.0,,2023-04-13,2023-04-13
1103,Headphones,North,"Apr 14, 2023",C3,"Apr 14, 2023",Warranty Issue,In progress,5.0,,2023-04-14,2023-04-14
1104,Bluetooth Speaker,South,"Apr 15, 2023",E5,"Apr 15, 2023",Defect,Resolved,5.0,,2023-04-15,2023-04-15
1105,Headphones,South,2023-04-16,C3,2023-04-16,Defect,Closed,5.0,,2023-04-16,2023-04-16
1106,Headphones,Central,17/04/2023,E5,17/04/2023,Non-Functioning,In progress,3.0,,2023-04-17,2023-04-17
1107,Soundbar,North,"Apr 18, 2023",E5,"Apr 18, 2023",Non-Functioning,Resolved,7.0,Training very international.,2023-04-18,2023-04-18
1108,Bluetooth Speaker,East,2023-04-19,C3,2023-04-19,Non-Functioning,Closed,1.0,,2023-04-19,2023-04-19
1109,Soundbar,Central,2023-04-20,A1,2023-04-20,Warranty Issue,Resolved,7.0,Hot sound receive.,2023-04-20,2023-04-20
1110,Headphones,North,"Apr 21, 2023",D4,"Apr 21, 2023",Defect,Closed,3.0,,2023-04-21,2023-04-21
1111,Earbuds,North,"Apr 22, 2023",E5,"Apr 22, 2023",Non-Functioning,In progress,5.0,,2023-04-22,2023-04-22
1112,Headphones,South,23/04/2023,E5,23/04/2023,Non-Functioning,Pending,3.0,,2023-04-23,2023-04-23
1113,Soundbar,Central,"Apr 24, 2023",A1,"Apr 24, 2023",Late Delivery,Pending,5.0,Sing federal such behind.,2023-04-24,2023-04-24
1114,Bluetooth Speaker,North,2023-04-25,B2,2023-04-25,Warranty Issue,Resolved,5.0,Thus eye by in.,2023-04-25,2023-04-25
1115,Bluetooth Speaker,North,2023-04-26,A1,2023-04-26,Late Delivery,In progress,7.0,,2023-04-26,2023-04-26
1116,Soundbar,Central,2023-04-27,A1,2023-04-27,Defect,Pending,7.0,Hospital stay debate.,2023-04-27,2023-04-27
1117,Bluetooth Speaker,East,"Apr 28, 2023",E5,"Apr 28, 2023",Late Delivery,Closed,1.0,,2023-04-28,2023-04-28
1118,Charging Cable,Central,29/04/2023,D4,29/04/2023,Late Delivery,Pending,1.0,Respond then according his.,2023-04-29,2023-04-29
1119,Earbuds,Central,"Apr 30, 2023",A1,"Apr 30, 2023",Late Delivery,Resolved,5.0,Able among there this.,2023-04-30,2023-04-30
1120,Earbuds,East,01/05/2023,B2,01/05/2023,Warranty Issue,Resolved,5.0,,2023-05-01,2023-05-01
1121,Earbuds,Central,2023-05-02,C3,2023-05-02,Defect,In progress,3.0,,2023-05-02,2023-05-02
1122,Bluetooth Speaker,North,"May 03, 2023",A1,"May 03, 2023",Late Delivery,Resolved,1.0,,2023-05-03,2023-05-03
1123,Bluetooth Speaker,Central,04/05/2023,A1,04/05/2023,Warranty Issue,Pending,10.0,,2023-05-04,2023-05-04
1124,Headphones,East,05/05/2023,B2,05/05/2023,Defect,Pending,1.0,,2023-05-05,2023-05-05
1125,Headphones,West,2023-05-06,D4,2023-05-06,Non-Functioning,Pending,5.0,Explain many too anything Mr.,2023-05-06,2023-05-06
1126,Earbuds,Central,"May 07, 2023",A1,"May 07, 2023",Late Delivery,Pending,5.0,,2023-05-07,2023-05-07
1127,Charging Cable,South,"May 08, 2023",A1,"May 08, 2023",Defect,In progress,7.0,,2023-05-08,2023-05-08
1128,Headphones,North,"May 09, 2023",D4,"May 09, 2023",Late Delivery,Closed,3.0,,2023-05-09,2023-05-09
1129,Headphones,North,10/05/2023,B2,10/05/2023,Non-Functioning,Closed,5.0,Police she cost fire lead.,2023-05-10,2023-05-10
1130,Bluetooth Speaker,South,2023-05-11,A1,2023-05-11,Defect,In progress,1.0,Never best hope song force.,2023-05-11,2023-05-11
1131,Charging Cable,South,12/05/2023,D4,12/05/2023,Warranty Issue,Resolved,1.0,,2023-05-12,2023-05-12
1132,Earbuds,Central,13/05/2023,A1,13/05/2023,Defect,Closed,5.0,Tax your fact subject.,2023-05-13,2023-05-13
1133,Headphones,South,"May 14, 2023",C3,"May 14, 2023",Warranty Issue,Resolved,5.0,,2023-05-14,2023-05-14
1134,Charging Cable,West,"May 15, 2023",E5,"May 15, 2023",Defect,Closed,10.0,,2023-05-15,2023-05-15
1135,Charging Cable,East,16/05/2023,C3,16/05/2023,Warranty Issue,Resolved,7.0,Tough prevent so.,2023-05-16,2023-05-16
1136,Earbuds,South,17/05/2023,A1,17/05/2023,Non-Functioning,In progress,3.0,Check their those.,2023-05-17,2023-05-17
1137,Charging Cable,South,2023-05-18,B2,2023-05-18,Non-Functioning,Pending,10.0,,2023-05-18,2023-05-18
1138,Charging Cable,West,2023-05-19,E5,2023-05-19,Non-Functioning,Resolved,7.0,Believe buy whose notice.,2023-05-19,2023-05-19
1139,Charging Cable,North,"May 20, 2023",C3,"May 20, 2023",Defect,Pending,1.0,,2023-05-20,2023-05-20
1140,Headphones,North,21/05/2023,D4,21/05/2023,Non-Functioning,Resolved,10.0,,2023-05-21,2023-05-21
1141,Earbuds,Central,22/05/2023,B2,22/05/2023,Late Delivery,Resolved,7.0,,2023-05-22,2023-05-22
1142,Charging Cable,West,23/05/2023,C3,23/05/2023,Non-Functioning,Resolved,1.0,Single far knowledge huge.,2023-05-23,2023-05-23
1143,Charging Cable,East,"May 24, 2023",D4,"May 24, 2023",Warranty Issue,Resolved,1.0,,2023-05-24,2023-05-24
1144,Headphones,East,25/05/2023,A1,25/05/2023,Warranty Issue,Resolved,1.0,Bring trip before up.,2023-05-25,2023-05-25
1145,Earbuds,West,26/05/2023,D4,26/05/2023,,Pending,1.0,,2023-05-26,2023-05-26
1146,Bluetooth Speaker,East,2023-05-27,C3,2023-05-27,Defect,Resolved,1.0,,2023-05-27,2023-05-27
1147,Headphones,North,2023-05-28,C3,2023-05-28,Late Delivery,Pending,5.0,,2023-05-28,2023-05-28
1148,Earbuds,East,29/05/2023,A1,29/05/2023,Non-Functioning,In progress,10.0,Spring choice foot learn.,2023-05-29,2023-05-29
1149,Charging Cable,East,"May 30, 2023",D4,"May 30, 2023",Late Delivery,Closed,7.0,Pretty oil level treat.,2023-05-30,2023-05-30
1150,Earbuds,West,2023-05-31,D4,2023-05-31,Late Delivery,Resolved,5.0,Series quality their low.,2023-05-31,2023-05-31
1151,Earbuds,West,"Jun 01, 2023",A1,"Jun 01, 2023",Warranty Issue,Closed,5.0,,2023-06-01,2023-06-01
1152,Earbuds,East,02/06/2023,D4,02/06/2023,Warranty Issue,Pending,5.0,,2023-06-02,2023-06-02
1153,Bluetooth Speaker,South,2023-06-03,A1,2023-06-03,Warranty Issue,In progress,5.0,Grow be ever seven.,2023-06-03,2023-06-03
1154,Earbuds,West,"Jun 04, 2023",B2,"Jun 04, 2023",Defect,In progress,5.0,Serve physical floor food.,2023-06-04,2023-06-04
1155,Bluetooth Speaker,Central,"Jun 05, 2023",C3,"Jun 05, 2023",Late Delivery,In progress,3.0,Then live nice network.,2023-06-05,2023-06-05
1156,Charging Cable,Central,06/06/2023,B2,06/06/2023,Late Delivery,Closed,5.0,Type more husband woman use.,2023-06-06,2023-06-06
1157,Bluetooth Speaker,North,"Jun 07, 2023",E5,"Jun 07, 2023",Defect,Pending,7.0,,2023-06-07,2023-06-07
1158,Charging Cable,East,08/06/2023,E5,08/06/2023,Defect,Resolved,5.0,Think attorney charge base.,2023-06-08,2023-06-08
1159,Charging Cable,South,"Jun 09, 2023",E5,"Jun 09, 2023",Defect,Resolved,7.0,,2023-06-09,2023-06-09
1160,Bluetooth Speaker,North,2023-06-10,A1,2023-06-10,Late Delivery,Pending,10.0,Decide heavy manage air find.,2023-06-10,2023-06-10
1161,Headphones,East,2023-06-11,D4,2023-06-11,Late Delivery,Closed,5.0,First television detail they.,2023-06-11,2023-06-11
1162,Soundbar,West,12/06/2023,B2,12/06/2023,Warranty Issue,Resolved,3.0,,2023-06-12,2023-06-12
1163,Earbuds,Central,2023-06-13,B2,2023-06-13,Warranty Issue,Pending,10.0,,2023-06-13,2023-06-13
1164,Soundbar,South,2023-06-14,B2,2023-06-14,Late Delivery,Resolved,3.0,,2023-06-14,2023-06-14
1165,Earbuds,Central,2023-06-15,B2,2023-06-15,Warranty Issue,In progress,10.0,,2023-06-15,2023-06-15
1166,Earbuds,West,2023-06-16,E5,2023-06-16,Defect,Resolved,5.0,,2023-06-16,2023-06-16
1167,Charging Cable,East,2023-06-17,B2,2023-06-17,Non-Functioning,Closed,7.0,On play those.,2023-06-17,2023-06-17
1168,Earbuds,West,2023-06-18,D4,2023-06-18,Warranty Issue,Pending,1.0,,2023-06-18,2023-06-18
1169,Earbuds,West,"Jun 19, 2023",E5,"Jun 19, 2023",Late Delivery,Closed,7.0,,2023-06-19,2023-06-19
1170,Bluetooth Speaker,Central,20/06/2023,B2,20/06/2023,Warranty Issue,Pending,5.0,,2023-06-20,2023-06-20
1171,Soundbar,South,"Jun 21, 2023",A1,"Jun 21, 2023",Warranty Issue,In progress,1.0,,2023-06-21,2023-06-21
1172,Bluetooth Speaker,West,22/06/2023,C3,22/06/2023,Warranty Issue,Pending,3.0,,2023-06-22,2023-06-22
1173,Earbuds,Central,2023-06-23,C3,2023-06-23,Non-Functioning,Resolved,5.0,Member size decision major.,2023-06-23,2023-06-23
1174,Charging Cable,South,24/06/2023,C3,24/06/2023,Defect,Resolved,5.0,Ability heart general three.,2023-06-24,2023-06-24
1175,Bluetooth Speaker,East,25/06/2023,E5,25/06/2023,Late Delivery,In progress,3.0,,2023-06-25,2023-06-25
1176,Bluetooth Speaker,East,2023-06-26,B2,2023-06-26,Non-Functioning,Pending,5.0,,2023-06-26,2023-06-26
1177,Headphones,North,27/06/2023,E5,27/06/2023,Late Delivery,In progress,3.0,,2023-06-27,2023-06-27
1178,Earbuds,Central,2023-06-28,D4,2023-06-28,Late Delivery,Resolved,10.0,Up alone dark treat rock.,2023-06-28,2023-06-28
1179,Charging Cable,South,29/06/2023,A1,29/06/2023,Late Delivery,Closed,5.0,,2023-06-29,2023-06-29
1180,Bluetooth Speaker,West,"Jun 30, 2023",A1,"Jun 30, 2023",Non-Functioning,In progress,1.0,,2023-06-30,2023-06-30
1181,Bluetooth Speaker,East,2023-07-01,C3,2023-07-01,Defect,Closed,3.0,,2023-07-01,2023-07-01
1182,Charging Cable,South,02/07/2023,C3,02/07/2023,Late Delivery,Closed,5.0,,2023-07-02,2023-07-02
1183,Earbuds,Central,2023-07-03,C3,2023-07-03,Defect,Pending,1.0,,2023-07-03,2023-07-03
1184,Headphones,North,04/07/2023,B2,04/07/2023,Defect,In progress,3.0,,2023-07-04,2023-07-04
1185,Bluetooth Speaker,East,"Jul 05, 2023",D4,"Jul 05, 2023",Warranty Issue,Closed,5.0,,2023-07-05,2023-07-05
1186,Headphones,South,"Jul 06, 2023",D4,"Jul 06, 2023",Non-Functioning,Closed,3.0,,2023-07-06,2023-07-06
1187,Soundbar,South,07/07/2023,D4,07/07/2023,Non-Functioning,Pending,7.0,,2023-07-07,2023-07-07
1188,Earbuds,South,2023-07-08,D4,2023-07-08,Warranty Issue,Pending,3.0,,2023-07-08,2023-07-08
1189,Soundbar,Central,2023-07-09,C3,2023-07-09,Warranty Issue,Resolved,7.0,,2023-07-09,2023-07-09
1190,Soundbar,Central,10/07/2023,A1,10/07/2023,Defect,Closed,1.0,Room sound husband whole.,2023-07-10,2023-07-10
1191,Soundbar,Central,11/07/2023,C3,11/07/2023,Late Delivery,Resolved,3.0,Bring police very.,2023-07-11,2023-07-11
1192,Earbuds,West,12/07/2023,D4,12/07/2023,Non-Functioning,Closed,1.0,Face day national.,2023-07-12,2023-07-12
1193,Earbuds,South,2023-07-13,C3,2023-07-13,Late Delivery,Resolved,1.0,,2023-07-13,2023-07-13
1194,Charging Cable,East,2023-07-14,D4,2023-07-14,Late Delivery,Pending,5.0,,2023-07-14,2023-07-14
1195,Headphones,Central,2023-07-15,E5,2023-07-15,Warranty Issue,In progress,1.0,Summer project of main feel.,2023-07-15,2023-07-15
1196,Headphones,Central,2023-07-16,A1,2023-07-16,Late Delivery,Pending,1.0,,2023-07-16,2023-07-16
1197,Charging Cable,South,2023-07-17,E5,2023-07-17,Defect,Resolved,3.0,,2023-07-17,2023-07-17
1198,Charging Cable,Central,2023-07-18,B2,2023-07-18,Warranty Issue,Resolved,3.0,,2023-07-18,2023-07-18
1199,Soundbar,West,2023-07-19,C3,2023-07-19,Late Delivery,In progress,5.0,,2023-07-19,2023-07-19
1200,Charging Cable,West,2023-07-20,B2,2023-07-20,Warranty Issue,Closed,5.0,Trouble wall author reality.,2023-07-20,2023-07-20
1201,Bluetooth Speaker,Central,2023-07-21,C3,2023-07-21,Defect,Resolved,1.0,Her chance for girl.,2023-07-21,2023-07-21
1202,Headphones,South,2023-07-22,E5,2023-07-22,Defect,Resolved,5.0,,2023-07-22,2023-07-22
1203,Charging Cable,South,2023-07-23,D4,2023-07-23,Late Delivery,Resolved,7.0,,2023-07-23,2023-07-23
1204,Bluetooth Speaker,South,24/07/2023,D4,24/07/2023,Warranty Issue,In progress,1.0,Blue yes political watch.,2023-07-24,2023-07-24
1205,Bluetooth Speaker,North,"Jul 25, 2023",C3,"Jul 25, 2023",Late Delivery,Pending,5.0,,2023-07-25,2023-07-25
1206,Bluetooth Speaker,Central,"Jul 26, 2023",D4,"Jul 26, 2023",Late Delivery,Resolved,5.0,Exist sport laugh laugh easy.,2023-07-26,2023-07-26
1207,Bluetooth Speaker,South,27/07/2023,E5,27/07/2023,Warranty Issue,In progress,5.0,Mother instead support.,2023-07-27,2023-07-27
1208,Soundbar,West,28/07/2023,D4,28/07/2023,Late Delivery,Resolved,1.0,,2023-07-28,2023-07-28
1209,Bluetooth Speaker,East,"Jul 29, 2023",E5,"Jul 29, 2023",Defect,Closed,7.0,,2023-07-29,2023-07-29
1210,Soundbar,East,2023-07-30,B2,2023-07-30,Warranty Issue,In progress,5.0,,2023-07-30,2023-07-30
1211,Soundbar,South,31/07/2023,E5,31/07/2023,Warranty Issue,Resolved,5.0,,2023-07-31,2023-07-31
1212,Bluetooth Speaker,East,2023-08-01,A1,2023-08-01,Warranty Issue,In progress,7.0,,2023-08-01,2023-08-01
1213,Headphones,East,2023-08-02,A1,2023-08-02,Warranty Issue,Resolved,5.0,Loss minute relate.,2023-08-02,2023-08-02
1214,Bluetooth Speaker,North,2023-08-03,A1,2023-08-03,Late Delivery,Pending,5.0,Truth wide although leave.,2023-08-03,2023-08-03
1215,Bluetooth Speaker,West,"Aug 04, 2023",C3,"Aug 04, 2023",Late Delivery,Resolved,3.0,,2023-08-04,2023-08-04
1216,Bluetooth Speaker,West,"Aug 05, 2023",C3,"Aug 05, 2023",Defect,In progress,10.0,Fear easy music.,2023-08-05,2023-08-05
1217,Headphones,North,2023-08-06,C3,2023-08-06,Non-Functioning,Closed,10.0,Buy space win concern result.,2023-08-06,2023-08-06
1218,Earbuds,North,07/08/2023,E5,07/08/2023,Non-Functioning,Closed,5.0,,2023-08-07,2023-08-07
1219,Earbuds,East,"Aug 08, 2023",C3,"Aug 08, 2023",Defect,Closed,5.0,,2023-08-08,2023-08-08
1220,Soundbar,Central,09/08/2023,B2,09/08/2023,Non-Functioning,Resolved,5.0,,2023-08-09,2023-08-09
1221,Soundbar,East,"Aug 10, 2023",A1,"Aug 10, 2023",Defect,Pending,1.0,,2023-08-10,2023-08-10
1222,Headphones,North,11/08/2023,E5,11/08/2023,Late Delivery,Resolved,3.0,One leg vote buy.,2023-08-11,2023-08-11
1223,Charging Cable,West,2023-08-12,A1,2023-08-12,Warranty Issue,Closed,5.0,A keep direction million.,2023-08-12,2023-08-12
1224,Earbuds,East,13/08/2023,C3,13/08/2023,Warranty Issue,In progress,7.0,Method glass total science.,2023-08-13,2023-08-13
1225,Soundbar,Central,2023-08-14,E5,2023-08-14,Late Delivery,Closed,3.0,,2023-08-14,2023-08-14
1226,Earbuds,East,"Aug 15, 2023",D4,"Aug 15, 2023",Warranty Issue,In progress,10.0,Major toward tax land.,2023-08-15,2023-08-15
1227,Headphones,South,"Aug 16, 2023",B2,"Aug 16, 2023",Warranty Issue,Pending,3.0,,2023-08-16,2023-08-16
1228,Headphones,East,2023-08-17,C3,2023-08-17,Non-Functioning,In progress,7.0,Body hold admit.,2023-08-17,2023-08-17
1229,Charging Cable,North,"Aug 18, 2023",C3,"Aug 18, 2023",Late Delivery,Resolved,5.0,Manage possible hot peace.,2023-08-18,2023-08-18
1230,Charging Cable,West,19/08/2023,B2,19/08/2023,Non-Functioning,Resolved,7.0,,2023-08-19,2023-08-19
1231,Headphones,West,"Aug 20, 2023",B2,"Aug 20, 2023",Non-Functioning,Resolved,7.0,,2023-08-20,2023-08-20
1232,Soundbar,North,"Aug 21, 2023",D4,"Aug 21, 2023",Warranty Issue,In progress,5.0,,2023-08-21,2023-08-21
1233,Earbuds,South,"Aug 22, 2023",C3,"Aug 22, 2023",Warranty Issue,Resolved,5.0,,2023-08-22,2023-08-22
1234,Bluetooth Speaker,North,23/08/2023,C3,23/08/2023,Late Delivery,Resolved,5.0,,2023-08-23,2023-08-23
1235,Charging Cable,East,"Aug 24, 2023",A1,"Aug 24, 2023",Warranty Issue,Resolved,5.0,,2023-08-24,2023-08-24
1236,Bluetooth Speaker,North,2023-08-25,E5,2023-08-25,Warranty Issue,Pending,5.0,,2023-08-25,2023-08-25
1237,Soundbar,North,"Aug 26, 2023",E5,"Aug 26, 2023",Late Delivery,In progress,7.0,Cause market nothing page.,2023-08-26,2023-08-26
1238,Charging Cable,South,2023-08-27,A1,2023-08-27,Warranty Issue,In progress,1.0,,2023-08-27,2023-08-27
1239,Bluetooth Speaker,East,2023-08-28,E5,2023-08-28,Non-Functioning,Closed,1.0,,2023-08-28,2023-08-28
1240,Soundbar,Central,29/08/2023,B2,29/08/2023,Late Delivery,In progress,5.0,,2023-08-29,2023-08-29
1241,Earbuds,Central,"Aug 30, 2023",E5,"Aug 30, 2023",Warranty Issue,Pending,1.0,,2023-08-30,2023-08-30
1242,Soundbar,West,"Aug 31, 2023",E5,"Aug 31, 2023",Defect,In progress,10.0,Rest part high others.,2023-08-31,2023-08-31
1243,Charging Cable,North,"Sep 01, 2023",A1,"Sep 01, 2023",Late Delivery,Pending,1.0,,2023-09-01,2023-09-01
1244,Headphones,West,02/09/2023,D4,02/09/2023,Late Delivery,Pending,7.0,,2023-09-02,2023-09-02
1245,Earbuds,South,03/09/2023,E5,03/09/2023,Defect,In progress,5.0,,2023-09-03,2023-09-03
1246,Bluetooth Speaker,Central,2023-09-04,E5,2023-09-04,Warranty Issue,Closed,5.0,,2023-09-04,2023-09-04
1247,Charging Cable,North,"Sep 05, 2023",D4,"Sep 05, 2023",Warranty Issue,Resolved,7.0,,2023-09-05,2023-09-05
1248,Headphones,South,"Sep 06, 2023",A1,"Sep 06, 2023",Late Delivery,Resolved,10.0,Between something thought.,2023-09-06,2023-09-06
1249,Soundbar,South,2023-09-07,D4,2023-09-07,Late Delivery,In progress,1.0,,2023-09-07,2023-09-07
1250,Headphones,North,08/09/2023,A1,08/09/2023,Warranty Issue,In progress,7.0,Fall agree look think father.,2023-09-08,2023-09-08
1251,Charging Cable,South,09/09/2023,B2,09/09/2023,Warranty Issue,Pending,5.0,,2023-09-09,2023-09-09
1252,Charging Cable,North,"Sep 10, 2023",A1,"Sep 10, 2023",Non-Functioning,In progress,5.0,,2023-09-10,2023-09-10
1253,Headphones,North,2023-09-11,B2,2023-09-11,Late Delivery,Pending,3.0,,2023-09-11,2023-09-11
1254,Soundbar,East,2023-09-12,B2,2023-09-12,Late Delivery,Closed,5.0,Mr decision wear government.,2023-09-12,2023-09-12
1255,Headphones,West,"Sep 13, 2023",A1,"Sep 13, 2023",Defect,In progress,10.0,,2023-09-13,2023-09-13
1256,Charging Cable,South,14/09/2023,C3,14/09/2023,Non-Functioning,Resolved,5.0,,2023-09-14,2023-09-14
1257,Charging Cable,South,"Sep 15, 2023",A1,"Sep 15, 2023",Warranty Issue,Resolved,7.0,,2023-09-15,2023-09-15
1258,Bluetooth Speaker,East,"Sep 16, 2023",E5,"Sep 16, 2023",Non-Functioning,In progress,1.0,,2023-09-16,2023-09-16
1259,Bluetooth Speaker,East,2023-09-17,E5,2023-09-17,Warranty Issue,Pending,5.0,,2023-09-17,2023-09-17
1260,Earbuds,East,2023-09-18,C3,2023-09-18,Warranty Issue,Resolved,10.0,,2023-09-18,2023-09-18
1261,Charging Cable,Central,"Sep 19, 2023",B2,"Sep 19, 2023",Non-Functioning,Pending,10.0,,2023-09-19,2023-09-19
1262,Bluetooth Speaker,Central,20/09/2023,C3,20/09/2023,Late Delivery,In progress,3.0,,2023-09-20,2023-09-20
1263,Headphones,Central,"Sep 21, 2023",E5,"Sep 21, 2023",Warranty Issue,In progress,5.0,,2023-09-21,2023-09-21
1264,Soundbar,North,2023-09-22,C3,2023-09-22,Non-Functioning,Resolved,3.0,Matter data save.,2023-09-22,2023-09-22
1265,Headphones,South,23/09/2023,A1,23/09/2023,Defect,In progress,1.0,,2023-09-23,2023-09-23
1266,Soundbar,West,24/09/2023,C3,24/09/2023,Non-Functioning,Closed,1.0,,2023-09-24,2023-09-24
1267,Bluetooth Speaker,North,25/09/2023,B2,25/09/2023,Defect,Closed,3.0,Name water arrive ago.,2023-09-25,2023-09-25
1268,Earbuds,South,2023-09-26,A1,2023-09-26,Warranty Issue,Resolved,5.0,Why economy him woman look.,2023-09-26,2023-09-26
1269,Headphones,South,2023-09-27,D4,2023-09-27,Non-Functioning,Closed,1.0,,2023-09-27,2023-09-27
1270,Headphones,East,28/09/2023,E5,28/09/2023,Non-Functioning,Pending,3.0,Song every yet day share say.,2023-09-28,2023-09-28
1271,Headphones,East,29/09/2023,E5,29/09/2023,Defect,Resolved,5.0,,2023-09-29,2023-09-29
1272,Soundbar,North,"Sep 30, 2023",C3,"Sep 30, 2023",Non-Functioning,Resolved,3.0,,2023-09-30,2023-09-30
1273,Bluetooth Speaker,East,"Oct 01, 2023",A1,"Oct 01, 2023",Non-Functioning,Pending,3.0,,2023-10-01,2023-10-01
1274,Headphones,South,"Oct 02, 2023",D4,"Oct 02, 2023",Warranty Issue,Closed,7.0,,2023-10-02,2023-10-02
1275,Headphones,East,03/10/2023,A1,03/10/2023,Non-Functioning,Closed,1.0,Green far southern.,2023-10-03,2023-10-03
1276,Earbuds,Central,04/10/2023,E5,04/10/2023,Late Delivery,Closed,5.0,,2023-10-04,2023-10-04
1277,Earbuds,East,05/10/2023,A1,05/10/2023,Defect,Resolved,5.0,Bar run information allow.,2023-10-05,2023-10-05
1278,Bluetooth Speaker,South,06/10/2023,D4,06/10/2023,Non-Functioning,Resolved,7.0,,2023-10-06,2023-10-06
1279,Bluetooth Speaker,North,"Oct 07, 2023",C3,"Oct 07, 2023",Defect,Closed,10.0,,2023-10-07,2023-10-07
1280,Charging Cable,West,2023-10-08,B2,2023-10-08,Defect,In progress,5.0,,2023-10-08,2023-10-08
1281,Earbuds,East,2023-10-09,A1,2023-10-09,Defect,Closed,3.0,Above over common local.,2023-10-09,2023-10-09
1282,Charging Cable,South,2023-10-10,B2,2023-10-10,Non-Functioning,Pending,7.0,Career one decision.,2023-10-10,2023-10-10
1283,Soundbar,West,2023-10-11,E5,2023-10-11,Non-Functioning,Resolved,5.0,Firm not ask somebody.,2023-10-11,2023-10-11
1284,Charging Cable,West,12/10/2023,C3,12/10/2023,Defect,Pending,1.0,Party attack on teach.,2023-10-12,2023-10-12
1285,Headphones,Central,"Oct 13, 2023",C3,"Oct 13, 2023",Late Delivery,Pending,1.0,,2023-10-13,2023-10-13
1286,Charging Cable,West,"Oct 14, 2023",A1,"Oct 14, 2023",Defect,Resolved,1.0,,2023-10-14,2023-10-14
1287,Bluetooth Speaker,South,"Oct 15, 2023",C3,"Oct 15, 2023",Late Delivery,In progress,3.0,,2023-10-15,2023-10-15
1288,Soundbar,South,2023-10-16,A1,2023-10-16,Defect,Closed,5.0,Note vote hold choose.,2023-10-16,2023-10-16
1289,Headphones,East,2023-10-17,A1,2023-10-17,Warranty Issue,Pending,7.0,Yet effort goal.,2023-10-17,2023-10-17
1290,Charging Cable,East,2023-10-18,B2,2023-10-18,Defect,Resolved,7.0,,2023-10-18,2023-10-18
1291,Soundbar,East,"Oct 19, 2023",C3,"Oct 19, 2023",Defect,Pending,1.0,,2023-10-19,2023-10-19
1292,Soundbar,West,20/10/2023,A1,20/10/2023,Non-Functioning,Closed,5.0,,2023-10-20,2023-10-20
1293,Headphones,West,21/10/2023,B2,21/10/2023,Late Delivery,In progress,5.0,,2023-10-21,2023-10-21
1294,Charging Cable,Central,22/10/2023,D4,22/10/2023,Warranty Issue,In progress,5.0,,2023-10-22,2023-10-22
1295,Soundbar,East,"Oct 23, 2023",B2,"Oct 23, 2023",Late Delivery,In progress,5.0,,2023-10-23,2023-10-23
1296,Soundbar,North,2023-10-24,B2,2023-10-24,Warranty Issue,Resolved,5.0,,2023-10-24,2023-10-24
1297,Earbuds,Central,"Oct 25, 2023",A1,"Oct 25, 2023",Defect,Resolved,1.0,Compare kid bag door.,2023-10-25,2023-10-25
1298,Soundbar,North,"Oct 26, 2023",E5,"Oct 26, 2023",Non-Functioning,In progress,5.0,Detail sister baby bit.,2023-10-26,2023-10-26
1299,Earbuds,West,2023-10-27,E5,2023-10-27,Non-Functioning,Closed,10.0,,2023-10-27,2023-10-27
1300,Charging Cable,Central,28/10/2023,E5,28/10/2023,Late Delivery,Closed,5.0,,2023-10-28,2023-10-28
1301,Charging Cable,Central,29/10/2023,B2,29/10/2023,Non-Functioning,Resolved,7.0,,2023-10-29,2023-10-29
1302,Charging Cable,South,30/10/2023,A1,30/10/2023,Late Delivery,In progress,7.0,,2023-10-30,2023-10-30
1303,Bluetooth Speaker,West,31/10/2023,C3,31/10/2023,Late Delivery,Closed,1.0,,2023-10-31,2023-10-31
1304,Charging Cable,West,01/11/2023,B2,01/11/2023,Warranty Issue,Closed,10.0,,2023-11-01,2023-11-01
1305,Soundbar,Central,2023-11-02,B2,2023-11-02,Late Delivery,Closed,5.0,High election themselves oil.,2023-11-02,2023-11-02
1306,Headphones,West,03/11/2023,A1,03/11/2023,Warranty Issue,Resolved,10.0,,2023-11-03,2023-11-03
1307,Earbuds,Central,2023-11-04,D4,2023-11-04,Non-Functioning,In progress,1.0,,2023-11-04,2023-11-04
1308,Bluetooth Speaker,South,2023-11-05,B2,2023-11-05,Late Delivery,Pending,7.0,,2023-11-05,2023-11-05
1309,Charging Cable,Central,06/11/2023,D4,06/11/2023,Late Delivery,In progress,7.0,,2023-11-06,2023-11-06
1310,Charging Cable,West,2023-11-07,D4,2023-11-07,Defect,In progress,5.0,,2023-11-07,2023-11-07
1311,Headphones,West,08/11/2023,E5,08/11/2023,Late Delivery,Resolved,1.0,,2023-11-08,2023-11-08
1312,Headphones,Central,2023-11-09,A1,2023-11-09,Late Delivery,Closed,1.0,,2023-11-09,2023-11-09
1313,Bluetooth Speaker,Central,10/11/2023,D4,10/11/2023,Defect,Closed,5.0,Article save fast increase.,2023-11-10,2023-11-10
1314,Earbuds,Central,11/11/2023,A1,11/11/2023,Defect,Resolved,5.0,,2023-11-11,2023-11-11
1315,Charging Cable,East,12/11/2023,E5,12/11/2023,Non-Functioning,Resolved,5.0,,2023-11-12,2023-11-12
1316,Bluetooth Speaker,West,2023-11-13,A1,2023-11-13,Late Delivery,Resolved,3.0,,2023-11-13,2023-11-13
1317,Soundbar,West,14/11/2023,B2,14/11/2023,Non-Functioning,Resolved,10.0,Plant resource develop fill.,2023-11-14,2023-11-14
1318,Soundbar,East,"Nov 15, 2023",D4,"Nov 15, 2023",Non-Functioning,Resolved,3.0,Fly all game deal into.,2023-11-15,2023-11-15
1319,Bluetooth Speaker,Central,16/11/2023,A1,16/11/2023,Defect,Pending,3.0,,2023-11-16,2023-11-16
1320,Charging Cable,South,2023-11-17,C3,2023-11-17,Warranty Issue,In progress,1.0,,2023-11-17,2023-11-17
1321,Bluetooth Speaker,Central,"Nov 18, 2023",A1,"Nov 18, 2023",Non-Functioning,In progress,10.0,,2023-11-18,2023-11-18
1322,Charging Cable,Central,2023-11-19,D4,2023-11-19,Warranty Issue,In progress,1.0,Key else its property.,2023-11-19,2023-11-19
1323,Headphones,East,"Nov 20, 2023",E5,"Nov 20, 2023",Late Delivery,Closed,10.0,Image tonight true sense.,2023-11-20,2023-11-20
1324,Bluetooth Speaker,West,21/11/2023,E5,21/11/2023,Defect,Pending,7.0,,2023-11-21,2023-11-21
1325,Charging Cable,Central,22/11/2023,D4,22/11/2023,Late Delivery,In progress,1.0,,2023-11-22,2023-11-22
1326,Bluetooth Speaker,West,"Nov 23, 2023",B2,"Nov 23, 2023",Late Delivery,Closed,1.0,,2023-11-23,2023-11-23
1327,Bluetooth Speaker,North,"Nov 24, 2023",B2,"Nov 24, 2023",Defect,Pending,1.0,Make clear first concern.,2023-11-24,2023-11-24
1328,Charging Cable,West,"Nov 25, 2023",E5,"Nov 25, 2023",Late Delivery,Pending,5.0,,2023-11-25,2023-11-25
1329,Charging Cable,South,26/11/2023,E5,26/11/2023,Defect,Closed,1.0,,2023-11-26,2023-11-26
1330,Earbuds,South,"Nov 27, 2023",D4,"Nov 27, 2023",Warranty Issue,Pending,5.0,,2023-11-27,2023-11-27
1331,Bluetooth Speaker,Central,28/11/2023,B2,28/11/2023,Late Delivery,Closed,5.0,,2023-11-28,2023-11-28
1332,Soundbar,West,"Nov 29, 2023",E5,"Nov 29, 2023",Defect,In progress,10.0,,2023-11-29,2023-11-29
1333,Bluetooth Speaker,Central,2023-11-30,B2,2023-11-30,Non-Functioning,Closed,7.0,Form whole reveal.,2023-11-30,2023-11-30
1334,Bluetooth Speaker,East,01/12/2023,E5,01/12/2023,Late Delivery,Pending,5.0,,2023-12-01,2023-12-01
1335,Charging Cable,South,02/12/2023,A1,02/12/2023,Warranty Issue,In progress,10.0,,2023-12-02,2023-12-02
1336,Bluetooth Speaker,Central,2023-12-03,C3,2023-12-03,Defect,In progress,5.0,Important quickly country.,2023-12-03,2023-12-03
1337,Bluetooth Speaker,East,04/12/2023,A1,04/12/2023,Late Delivery,Resolved,5.0,,2023-12-04,2023-12-04
1338,Soundbar,Central,"Dec 05, 2023",E5,"Dec 05, 2023",Late Delivery,Resolved,5.0,,2023-12-05,2023-12-05
1339,Charging Cable,West,2023-12-06,C3,2023-12-06,Late Delivery,Pending,7.0,,2023-12-06,2023-12-06
1340,Bluetooth Speaker,West,07/12/2023,C3,07/12/2023,Warranty Issue,Closed,5.0,Visit pick give.,2023-12-07,2023-12-07
1341,Headphones,West,2023-12-08,E5,2023-12-08,Defect,Closed,1.0,Young tend foot citizen born.,2023-12-08,2023-12-08
1342,Earbuds,West,"Dec 09, 2023",E5,"Dec 09, 2023",Non-Functioning,Pending,5.0,,2023-12-09,2023-12-09
1343,Soundbar,North,"Dec 10, 2023",B2,"Dec 10, 2023",Non-Functioning,In progress,7.0,,2023-12-10,2023-12-10
1344,Bluetooth Speaker,East,"Dec 11, 2023",E5,"Dec 11, 2023",Non-Functioning,Pending,10.0,,2023-12-11,2023-12-11
1345,Headphones,East,2023-12-12,D4,2023-12-12,Defect,Pending,7.0,,2023-12-12,2023-12-12
1346,Bluetooth Speaker,West,2023-12-13,E5,2023-12-13,Non-Functioning,In progress,7.0,,2023-12-13,2023-12-13
1347,Bluetooth Speaker,North,14/12/2023,D4,14/12/2023,Warranty Issue,Closed,5.0,,2023-12-14,2023-12-14
1348,Charging Cable,West,2023-12-15,E5,2023-12-15,Defect,Pending,1.0,,2023-12-15,2023-12-15
1349,Charging Cable,North,"Dec 16, 2023",B2,"Dec 16, 2023",Late Delivery,Closed,5.0,,2023-12-16,2023-12-16
1350,Charging Cable,West,"Dec 17, 2023",D4,"Dec 17, 2023",Warranty Issue,Pending,10.0,,2023-12-17,2023-12-17
1351,Headphones,South,18/12/2023,A1,18/12/2023,Late Delivery,In progress,3.0,,2023-12-18,2023-12-18
1352,Bluetooth Speaker,South,19/12/2023,D4,19/12/2023,Non-Functioning,In progress,10.0,Model right power.,2023-12-19,2023-12-19
1353,Earbuds,Central,2023-12-20,B2,2023-12-20,Warranty Issue,Resolved,1.0,Us continue month stand.,2023-12-20,2023-12-20
1354,Soundbar,West,2023-12-21,D4,2023-12-21,Defect,In progress,5.0,,2023-12-21,2023-12-21
1355,Charging Cable,East,22/12/2023,E5,22/12/2023,Warranty Issue,Resolved,7.0,,2023-12-22,2023-12-22
1356,Charging Cable,Central,23/12/2023,E5,23/12/2023,Late Delivery,Pending,3.0,,2023-12-23,2023-12-23
1357,Bluetooth Speaker,South,24/12/2023,B2,24/12/2023,Defect,Closed,1.0,,2023-12-24,2023-12-24
1358,Bluetooth Speaker,West,"Dec 25, 2023",C3,"Dec 25, 2023",Warranty Issue,In progress,5.0,,2023-12-25,2023-12-25
1359,Headphones,Central,2023-12-26,E5,2023-12-26,Warranty Issue,In progress,7.0,Care no outside structure.,2023-12-26,2023-12-26
1360,Headphones,West,2023-12-27,A1,2023-12-27,Warranty Issue,In progress,10.0,,2023-12-27,2023-12-27
1361,Charging Cable,South,28/12/2023,B2,28/12/2023,Warranty Issue,Pending,5.0,Discuss hit mind him.,2023-12-28,2023-12-28
1362,Bluetooth Speaker,Central,29/12/2023,D4,29/12/2023,Defect,Resolved,1.0,,2023-12-29,2023-12-29
1363,Earbuds,South,30/12/2023,D4,30/12/2023,Late Delivery,Pending,1.0,Fall still husband knowledge.,2023-12-30,2023-12-30
1364,Soundbar,North,31/12/2023,A1,31/12/2023,Warranty Issue,Closed,10.0,,2023-12-31,2023-12-31
1365,Bluetooth Speaker,South,2024-01-01,E5,2024-01-01,Defect,Pending,3.0,,2024-01-01,2024-01-01
1366,Bluetooth Speaker,West,"Jan 02, 2024",B2,"Jan 02, 2024",Late Delivery,Closed,10.0,Air about risk agent.,2024-01-02,2024-01-02
1367,Headphones,East,"Jan 03, 2024",A1,"Jan 03, 2024",Warranty Issue,In progress,5.0,,2024-01-03,2024-01-03
1368,Soundbar,South,04/01/2024,E5,04/01/2024,Late Delivery,Closed,5.0,Recent economy true very.,2024-01-04,2024-01-04
1369,Charging Cable,East,2024-01-05,B2,2024-01-05,Late Delivery,Closed,3.0,,2024-01-05,2024-01-05
1370,Bluetooth Speaker,North,06/01/2024,D4,06/01/2024,Defect,Resolved,7.0,,2024-01-06,2024-01-06
1371,Charging Cable,Central,"Jan 07, 2024",B2,"Jan 07, 2024",Late Delivery,Closed,5.0,,2024-01-07,2024-01-07
1372,Bluetooth Speaker,Central,08/01/2024,C3,08/01/2024,Defect,Closed,3.0,,2024-01-08,2024-01-08
1373,Charging Cable,East,"Jan 09, 2024",B2,"Jan 09, 2024",Warranty Issue,Pending,5.0,Ok bit or whom to what.,2024-01-09,2024-01-09
1374,Soundbar,Central,10/01/2024,C3,10/01/2024,Late Delivery,In progress,1.0,Rise weight machine.,2024-01-10,2024-01-10
1375,Headphones,South,2024-01-11,B2,2024-01-11,Late Delivery,Pending,7.0,,2024-01-11,2024-01-11
1376,Soundbar,East,12/01/2024,C3,12/01/2024,Non-Functioning,Pending,10.0,,2024-01-12,2024-01-12
1377,Earbuds,West,13/01/2024,D4,13/01/2024,Warranty Issue,In progress,5.0,,2024-01-13,2024-01-13
1378,Headphones,South,"Jan 14, 2024",E5,"Jan 14, 2024",Warranty Issue,In progress,5.0,Thus point positive upon.,2024-01-14,2024-01-14
1379,Soundbar,South,2024-01-15,C3,2024-01-15,Non-Functioning,Closed,5.0,,2024-01-15,2024-01-15
1380,Earbuds,South,2024-01-16,C3,2024-01-16,Non-Functioning,Closed,1.0,,2024-01-16,2024-01-16
1381,Bluetooth Speaker,West,"Jan 17, 2024",D4,"Jan 17, 2024",Defect,Resolved,1.0,Treatment mean hour.,2024-01-17,2024-01-17
1382,Bluetooth Speaker,North,18/01/2024,C3,18/01/2024,Defect,Pending,7.0,,2024-01-18,2024-01-18
1383,Charging Cable,Central,19/01/2024,A1,19/01/2024,Late Delivery,In progress,10.0,,2024-01-19,2024-01-19
1384,Headphones,East,"Jan 20, 2024",D4,"Jan 20, 2024",Late Delivery,Closed,7.0,Deal choice do become.,2024-01-20,2024-01-20
1385,Bluetooth Speaker,North,2024-01-21,A1,2024-01-21,Late Delivery,In progress,1.0,,2024-01-21,2024-01-21
1386,Headphones,East,"Jan 22, 2024",D4,"Jan 22, 2024",Late Delivery,Closed,1.0,,2024-01-22,2024-01-22
1387,Bluetooth Speaker,Central,"Jan 23, 2024",C3,"Jan 23, 2024",Defect,Resolved,5.0,,2024-01-23,2024-01-23
1388,Charging Cable,West,24/01/2024,A1,24/01/2024,Warranty Issue,Resolved,1.0,Want whole western.,2024-01-24,2024-01-24
1389,Soundbar,South,25/01/2024,C3,25/01/2024,Late Delivery,In progress,3.0,,2024-01-25,2024-01-25
1390,Charging Cable,South,2024-01-26,D4,2024-01-26,Warranty Issue,Resolved,5.0,,2024-01-26,2024-01-26
1391,Earbuds,West,27/01/2024,C3,27/01/2024,Late Delivery,In progress,1.0,,2024-01-27,2024-01-27
1392,Bluetooth Speaker,North,"Jan 28, 2024",A1,"Jan 28, 2024",Non-Functioning,Closed,7.0,,2024-01-28,2024-01-28
1393,Earbuds,North,2024-01-29,A1,2024-01-29,Late Delivery,Pending,10.0,,2024-01-29,2024-01-29
1394,Earbuds,East,2024-01-30,C3,2024-01-30,Late Delivery,Resolved,10.0,,2024-01-30,2024-01-30
1395,Headphones,West,"Jan 31, 2024",B2,"Jan 31, 2024",Late Delivery,Closed,10.0,,2024-01-31,2024-01-31
1396,Bluetooth Speaker,North,"Feb 01, 2024",D4,"Feb 01, 2024",Defect,Pending,3.0,,2024-02-01,2024-02-01
1397,Earbuds,West,2024-02-02,D4,2024-02-02,Non-Functioning,Pending,7.0,,2024-02-02,2024-02-02
1398,Soundbar,Central,03/02/2024,C3,03/02/2024,Late Delivery,Pending,3.0,,2024-02-03,2024-02-03
1399,Earbuds,South,"Feb 04, 2024",B2,"Feb 04, 2024",Late Delivery,Closed,1.0,,2024-02-04,2024-02-04
1400,Soundbar,South,05/02/2024,A1,05/02/2024,Warranty Issue,Closed,5.0,Level lot career your.,2024-02-05,2024-02-05
1401,Headphones,South,06/02/2024,E5,06/02/2024,Non-Functioning,In progress,10.0,,2024-02-06,2024-02-06
1402,Earbuds,West,07/02/2024,E5,07/02/2024,Late Delivery,Pending,7.0,Every sure when country tax.,2024-02-07,2024-02-07
1403,Charging Cable,West,2024-02-08,C3,2024-02-08,Warranty Issue,Pending,10.0,,2024-02-08,2024-02-08
1404,Headphones,East,2024-02-09,B2,2024-02-09,Warranty Issue,Pending,3.0,,2024-02-09,2024-02-09
1405,Soundbar,South,2024-02-10,B2,2024-02-10,Defect,In progress,5.0,,2024-02-10,2024-02-10
1406,Headphones,East,2024-02-11,D4,2024-02-11,Warranty Issue,Pending,1.0,,2024-02-11,2024-02-11
1407,Earbuds,South,2024-02-12,A1,2024-02-12,Late Delivery,Closed,5.0,,2024-02-12,2024-02-12
1408,Bluetooth Speaker,East,13/02/2024,B2,13/02/2024,Defect,Pending,1.0,Animal fast improve south.,2024-02-13,2024-02-13
1409,Bluetooth Speaker,East,14/02/2024,E5,14/02/2024,Defect,Resolved,5.0,East might guy change page.,2024-02-14,2024-02-14
1410,Soundbar,Central,15/02/2024,A1,15/02/2024,Late Delivery,Closed,5.0,Seem only whatever.,2024-02-15,2024-02-15
1411,Soundbar,East,16/02/2024,A1,16/02/2024,Non-Functioning,In progress,5.0,,2024-02-16,2024-02-16
1412,Bluetooth Speaker,West,2024-02-17,C3,2024-02-17,Warranty Issue,Pending,1.0,Often reduce glass.,2024-02-17,2024-02-17
1413,Soundbar,East,18/02/2024,B2,18/02/2024,Defect,Resolved,3.0,Eight help between low.,2024-02-18,2024-02-18
1414,Headphones,South,"Feb 19, 2024",C3,"Feb 19, 2024",Non-Functioning,In progress,1.0,,2024-02-19,2024-02-19
1415,Charging Cable,East,"Feb 20, 2024",B2,"Feb 20, 2024",Late Delivery,In progress,1.0,Approach second body.,2024-02-20,2024-02-20
1416,Charging Cable,North,2024-02-21,D4,2024-02-21,Warranty Issue,Closed,1.0,,2024-02-21,2024-02-21
1417,Headphones,South,22/02/2024,C3,22/02/2024,Warranty Issue,In progress,7.0,,2024-02-22,2024-02-22
1418,Charging Cable,North,"Feb 23, 2024",C3,"Feb 23, 2024",Defect,In progress,5.0,Way entire more far.,2024-02-23,2024-02-23
1419,Earbuds,South,24/02/2024,E5,24/02/2024,Warranty Issue,In progress,5.0,,2024-02-24,2024-02-24
1420,Headphones,West,"Feb 25, 2024",C3,"Feb 25, 2024",Warranty Issue,In progress,10.0,,2024-02-25,2024-02-25
1421,Soundbar,West,"Feb 26, 2024",B2,"Feb 26, 2024",Warranty Issue,Pending,5.0,,2024-02-26,2024-02-26
1422,Headphones,West,"Feb 27, 2024",E5,"Feb 27, 2024",Warranty Issue,Pending,10.0,,2024-02-27,2024-02-27
1423,Bluetooth Speaker,North,2024-02-28,C3,2024-02-28,Late Delivery,Pending,7.0,,2024-02-28,2024-02-28
1424,Soundbar,Central,2024-02-29,C3,2024-02-29,Non-Functioning,Pending,3.0,,2024-02-29,2024-02-29
1425,Bluetooth Speaker,South,01/03/2024,D4,01/03/2024,Late Delivery,Resolved,10.0,Need follow bag term cause.,2024-03-01,2024-03-01
1426,Soundbar,West,02/03/2024,C3,02/03/2024,Late Delivery,Pending,1.0,,2024-03-02,2024-03-02
1427,Charging Cable,South,"Mar 03, 2024",A1,"Mar 03, 2024",Defect,In progress,3.0,Me hand make arrive.,2024-03-03,2024-03-03
1428,Headphones,North,2024-03-04,E5,2024-03-04,Warranty Issue,Pending,7.0,Blood magazine stop line.,2024-03-04,2024-03-04
1429,Earbuds,Central,2024-03-05,A1,2024-03-05,Late Delivery,Pending,5.0,Though tonight that.,2024-03-05,2024-03-05
1430,Soundbar,North,2024-03-06,E5,2024-03-06,Warranty Issue,Closed,10.0,,2024-03-06,2024-03-06
1431,Soundbar,South,2024-03-07,D4,2024-03-07,Late Delivery,In progress,1.0,Shoulder TV despite.,2024-03-07,2024-03-07
1432,Bluetooth Speaker,Central,"Mar 08, 2024",C3,"Mar 08, 2024",Late Delivery,Pending,5.0,Rather social get past.,2024-03-08,2024-03-08
1433,Charging Cable,Central,"Mar 09, 2024",C3,"Mar 09, 2024",Defect,Pending,5.0,,2024-03-09,2024-03-09
1434,Bluetooth Speaker,North,2024-03-10,C3,2024-03-10,Non-Functioning,Pending,3.0,Former policy case.,2024-03-10,2024-03-10
1435,Bluetooth Speaker,West,"Mar 11, 2024",E5,"Mar 11, 2024",Non-Functioning,Resolved,5.0,,2024-03-11,2024-03-11
1436,Charging Cable,South,12/03/2024,C3,12/03/2024,Late Delivery,Pending,5.0,,2024-03-12,2024-03-12
1437,Earbuds,East,"Mar 13, 2024",A1,"Mar 13, 2024",Defect,Closed,3.0,Clear wish pattern learn.,2024-03-13,2024-03-13
1438,Bluetooth Speaker,East,"Mar 14, 2024",C3,"Mar 14, 2024",Warranty Issue,In progress,7.0,,2024-03-14,2024-03-14
1439,Bluetooth Speaker,North,15/03/2024,D4,15/03/2024,Warranty Issue,In progress,3.0,,2024-03-15,2024-03-15
1440,Soundbar,South,16/03/2024,A1,16/03/2024,Late Delivery,Pending,3.0,,2024-03-16,2024-03-16
1441,Charging Cable,South,17/03/2024,C3,17/03/2024,Non-Functioning,Pending,3.0,,2024-03-17,2024-03-17
1442,Headphones,North,2024-03-18,C3,2024-03-18,Defect,Pending,1.0,,2024-03-18,2024-03-18
1443,Earbuds,South,2024-03-19,B2,2024-03-19,Non-Functioning,In progress,3.0,Deep treat upon attention.,2024-03-19,2024-03-19
1444,Earbuds,West,20/03/2024,E5,20/03/2024,Warranty Issue,In progress,10.0,,2024-03-20,2024-03-20
1445,Charging Cable,North,21/03/2024,A1,21/03/2024,Non-Functioning,Resolved,3.0,,2024-03-21,2024-03-21
1446,Soundbar,West,"Mar 22, 2024",B2,"Mar 22, 2024",Warranty Issue,Closed,1.0,Class chair audience bit.,2024-03-22,2024-03-22
1447,Soundbar,South,2024-03-23,D4,2024-03-23,Defect,Resolved,1.0,,2024-03-23,2024-03-23
1448,Charging Cable,North,"Mar 24, 2024",E5,"Mar 24, 2024",Defect,Closed,7.0,,2024-03-24,2024-03-24
1449,Soundbar,South,25/03/2024,A1,25/03/2024,Late Delivery,Resolved,5.0,Human president trouble.,2024-03-25,2024-03-25
1450,Earbuds,North,26/03/2024,C3,26/03/2024,Late Delivery,In progress,5.0,Own before seek some.,2024-03-26,2024-03-26
1451,Earbuds,South,27/03/2024,A1,27/03/2024,Non-Functioning,Resolved,5.0,,2024-03-27,2024-03-27
1452,Headphones,West,2024-03-28,C3,2024-03-28,Defect,Closed,3.0,,2024-03-28,2024-03-28
1453,Charging Cable,West,"Mar 29, 2024",E5,"Mar 29, 2024",Defect,Pending,7.0,,2024-03-29,2024-03-29
1454,Bluetooth Speaker,South,30/03/2024,C3,30/03/2024,Late Delivery,Closed,3.0,Though involve trip.,2024-03-30,2024-03-30
1455,Bluetooth Speaker,North,2024-03-31,D4,2024-03-31,Warranty Issue,Pending,5.0,Door do on.,2024-03-31,2024-03-31
1456,Headphones,East,2024-04-01,C3,2024-04-01,Non-Functioning,In progress,1.0,Join pick much task.,2024-04-01,2024-04-01
1457,Headphones,West,02/04/2024,D4,02/04/2024,Non-Functioning,Closed,5.0,Bring own local country.,2024-04-02,2024-04-02
1458,Soundbar,West,03/04/2024,E5,03/04/2024,Late Delivery,Resolved,7.0,Major spring significant.,2024-04-03,2024-04-03
1459,Headphones,East,2024-04-04,E5,2024-04-04,Defect,Closed,1.0,,2024-04-04,2024-04-04
1460,Headphones,South,"Apr 05, 2024",A1,"Apr 05, 2024",Late Delivery,Pending,5.0,Edge information when.,2024-04-05,2024-04-05
1461,Bluetooth Speaker,North,"Apr 06, 2024",D4,"Apr 06, 2024",Late Delivery,In progress,7.0,,2024-04-06,2024-04-06
1462,Soundbar,South,07/04/2024,D4,07/04/2024,Late Delivery,Resolved,7.0,Sister hotel myself star.,2024-04-07,2024-04-07
1463,Headphones,Central,08/04/2024,B2,08/04/2024,Late Delivery,Closed,5.0,Bit partner culture.,2024-04-08,2024-04-08
1464,Headphones,West,2024-04-09,B2,2024-04-09,Warranty Issue,Pending,1.0,,2024-04-09,2024-04-09
1465,Soundbar,Central,10/04/2024,B2,10/04/2024,Warranty Issue,Resolved,7.0,,2024-04-10,2024-04-10
1466,Charging Cable,West,2024-04-11,C3,2024-04-11,Defect,In progress,10.0,,2024-04-11,2024-04-11
1467,Soundbar,West,12/04/2024,B2,12/04/2024,Late Delivery,Resolved,7.0,Skin adult program.,2024-04-12,2024-04-12
1468,Bluetooth Speaker,Central,13/04/2024,D4,13/04/2024,Warranty Issue,In progress,5.0,,2024-04-13,2024-04-13
1469,Charging Cable,Central,14/04/2024,C3,14/04/2024,Defect,Resolved,5.0,Kind area thing.,2024-04-14,2024-04-14
1470,Earbuds,South,"Apr 15, 2024",E5,"Apr 15, 2024",Late Delivery,Closed,3.0,Trial word enter rise.,2024-04-15,2024-04-15
1471,Soundbar,Central,2024-04-16,A1,2024-04-16,Non-Functioning,Pending,5.0,,2024-04-16,2024-04-16
1472,Bluetooth Speaker,South,"Apr 17, 2024",B2,"Apr 17, 2024",Warranty Issue,Closed,3.0,Cup even position own.,2024-04-17,2024-04-17
1473,Charging Cable,South,2024-04-18,E5,2024-04-18,Defect,Closed,1.0,Trip kid pretty dark.,2024-04-18,2024-04-18
1474,Soundbar,South,2024-04-19,D4,2024-04-19,Non-Functioning,In progress,1.0,,2024-04-19,2024-04-19
1475,Headphones,West,2024-04-20,A1,2024-04-20,Late Delivery,In progress,7.0,,2024-04-20,2024-04-20
1476,Soundbar,West,21/04/2024,E5,21/04/2024,Late Delivery,In progress,10.0,Several success go we.,2024-04-21,2024-04-21
1477,Earbuds,Central,2024-04-22,A1,2024-04-22,Late Delivery,Closed,1.0,Church boy nice treat.,2024-04-22,2024-04-22
1478,Soundbar,West,"Apr 23, 2024",B2,"Apr 23, 2024",Warranty Issue,Resolved,7.0,,2024-04-23,2024-04-23
1479,Charging Cable,Central,24/04/2024,D4,24/04/2024,Defect,Resolved,5.0,,2024-04-24,2024-04-24
1480,Charging Cable,West,25/04/2024,A1,25/04/2024,Non-Functioning,Closed,1.0,,2024-04-25,2024-04-25
1481,Soundbar,North,"Apr 26, 2024",E5,"Apr 26, 2024",Defect,Closed,5.0,,2024-04-26,2024-04-26
1482,Charging Cable,North,27/04/2024,B2,27/04/2024,Warranty Issue,Pending,5.0,Born support sea involve.,2024-04-27,2024-04-27
1483,Headphones,Central,"Apr 28, 2024",B2,"Apr 28, 2024",Defect,In progress,10.0,,2024-04-28,2024-04-28
1484,Soundbar,West,"Apr 29, 2024",E5,"Apr 29, 2024",Warranty Issue,In progress,1.0,Rate hotel thing feeling.,2024-04-29,2024-04-29
1485,Headphones,West,2024-04-30,E5,2024-04-30,Late Delivery,Closed,5.0,Us far least raise always.,2024-04-30,2024-04-30
1486,Headphones,South,2024-05-01,A1,2024-05-01,Non-Functioning,Closed,10.0,,2024-05-01,2024-05-01
1487,Bluetooth Speaker,East,"May 02, 2024",C3,"May 02, 2024",Late Delivery,Resolved,10.0,Particular fast in middle.,2024-05-02,2024-05-02
1488,Soundbar,Central,03/05/2024,B2,03/05/2024,Defect,Closed,1.0,Adult win back still.,2024-05-03,2024-05-03
1489,Charging Cable,East,2024-05-04,A1,2024-05-04,Late Delivery,Resolved,10.0,,2024-05-04,2024-05-04
1490,Headphones,East,2024-05-05,E5,2024-05-05,Non-Functioning,Closed,1.0,,2024-05-05,2024-05-05
1491,Bluetooth Speaker,Central,2024-05-06,A1,2024-05-06,Late Delivery,Pending,1.0,Among during fine training.,2024-05-06,2024-05-06
1492,Soundbar,West,2024-05-07,E5,2024-05-07,Non-Functioning,Pending,3.0,High education music region.,2024-05-07,2024-05-07
1493,Soundbar,Central,08/05/2024,D4,08/05/2024,Non-Functioning,Resolved,5.0,,2024-05-08,2024-05-08
1494,Earbuds,East,09/05/2024,E5,09/05/2024,Late Delivery,In progress,5.0,,2024-05-09,2024-05-09
1495,Earbuds,West,2024-05-10,E5,2024-05-10,Warranty Issue,Pending,1.0,,2024-05-10,2024-05-10
1496,Headphones,North,"May 11, 2024",E5,"May 11, 2024",Defect,Resolved,5.0,,2024-05-11,2024-05-11
1497,Earbuds,Central,12/05/2024,C3,12/05/2024,Warranty Issue,Closed,10.0,Beyond box future heavy few.,2024-05-12,2024-05-12
1498,Headphones,Central,"May 13, 2024",E5,"May 13, 2024",Warranty Issue,Closed,7.0,,2024-05-13,2024-05-13
1499,Charging Cable,West,"May 14, 2024",B2,"May 14, 2024",Late Delivery,Resolved,1.0,Offer time conference hand.,2024-05-14,2024-05-14
1500,Headphones,North,15/05/2024,B2,15/05/2024,Defect,In progress,10.0,Election theory develop.,2024-05-15,2024-05-15
1501,Earbuds,North,2024-05-16,A1,2024-05-16,Defect,Resolved,10.0,,2024-05-16,2024-05-16
1502,Charging Cable,West,2024-05-17,C3,2024-05-17,Warranty Issue,Resolved,10.0,,2024-05-17,2024-05-17
1503,Earbuds,South,18/05/2024,A1,18/05/2024,Late Delivery,Pending,10.0,Part opportunity yard such.,2024-05-18,2024-05-18
1504,Headphones,Central,19/05/2024,B2,19/05/2024,Defect,Resolved,10.0,,2024-05-19,2024-05-19
1505,Bluetooth Speaker,Central,20/05/2024,B2,20/05/2024,Warranty Issue,Resolved,1.0,Something four law happen.,2024-05-20,2024-05-20
1506,Soundbar,East,21/05/2024,D4,21/05/2024,Defect,Closed,5.0,Happy opportunity operation.,2024-05-21,2024-05-21
1507,Earbuds,West,"May 22, 2024",E5,"May 22, 2024",Late Delivery,Pending,3.0,,2024-05-22,2024-05-22
1508,Headphones,East,2024-05-23,B2,2024-05-23,Late Delivery,Closed,10.0,,2024-05-23,2024-05-23
1509,Charging Cable,East,"May 24, 2024",A1,"May 24, 2024",Late Delivery,Closed,10.0,Weight current remain I age.,2024-05-24,2024-05-24
1510,Earbuds,North,25/05/2024,A1,25/05/2024,Defect,In progress,3.0,,2024-05-25,2024-05-25
1511,Earbuds,Central,26/05/2024,E5,26/05/2024,Non-Functioning,In progress,1.0,Middle wife partner suffer.,2024-05-26,2024-05-26
1512,Soundbar,East,"May 27, 2024",E5,"May 27, 2024",Defect,Pending,5.0,Wide memory for.,2024-05-27,2024-05-27
1513,Headphones,North,2024-05-28,D4,2024-05-28,Non-Functioning,Pending,7.0,Job be guy indeed.,2024-05-28,2024-05-28
1514,Bluetooth Speaker,West,29/05/2024,C3,29/05/2024,Late Delivery,In progress,7.0,Recently now glass year form.,2024-05-29,2024-05-29
1515,Charging Cable,East,"May 30, 2024",A1,"May 30, 2024",Warranty Issue,In progress,5.0,,2024-05-30,2024-05-30
1516,Headphones,Central,31/05/2024,E5,31/05/2024,Non-Functioning,In progress,1.0,,2024-05-31,2024-05-31
1517,Charging Cable,East,2024-06-01,A1,2024-06-01,Late Delivery,In progress,7.0,,2024-06-01,2024-06-01
1518,Earbuds,West,02/06/2024,E5,02/06/2024,Late Delivery,In progress,3.0,,2024-06-02,2024-06-02
1519,Soundbar,East,"Jun 03, 2024",B2,"Jun 03, 2024",Non-Functioning,Closed,5.0,,2024-06-03,2024-06-03
1520,Soundbar,Central,2024-06-04,A1,2024-06-04,Warranty Issue,Pending,5.0,,2024-06-04,2024-06-04
1521,Bluetooth Speaker,North,"Jun 05, 2024",B2,"Jun 05, 2024",Late Delivery,Closed,1.0,,2024-06-05,2024-06-05
1522,Soundbar,Central,"Jun 06, 2024",A1,"Jun 06, 2024",Non-Functioning,Closed,5.0,Field somebody right fill.,2024-06-06,2024-06-06
1523,Earbuds,North,2024-06-07,C3,2024-06-07,Warranty Issue,Resolved,7.0,,2024-06-07,2024-06-07
1524,Bluetooth Speaker,South,"Jun 08, 2024",D4,"Jun 08, 2024",Warranty Issue,Closed,1.0,Serious size ability.,2024-06-08,2024-06-08
1525,Headphones,Central,2024-06-09,B2,2024-06-09,Late Delivery,In progress,3.0,Recognize protect prove.,2024-06-09,2024-06-09
1526,Soundbar,Central,"Jun 10, 2024",E5,"Jun 10, 2024",Defect,In progress,1.0,,2024-06-10,2024-06-10
1527,Bluetooth Speaker,West,"Jun 11, 2024",C3,"Jun 11, 2024",Defect,Resolved,1.0,,2024-06-11,2024-06-11
1528,Earbuds,East,12/06/2024,A1,12/06/2024,Late Delivery,Resolved,3.0,Figure chance crime receive.,2024-06-12,2024-06-12
1529,Charging Cable,North,13/06/2024,B2,13/06/2024,Warranty Issue,Resolved,10.0,,2024-06-13,2024-06-13
1530,Charging Cable,North,14/06/2024,A1,14/06/2024,Late Delivery,Resolved,3.0,Simply add past cup voice do.,2024-06-14,2024-06-14
1531,Earbuds,West,15/06/2024,A1,15/06/2024,Non-Functioning,Resolved,1.0,Follow seven cell same.,2024-06-15,2024-06-15
1532,Earbuds,West,"Jun 16, 2024",A1,"Jun 16, 2024",Defect,Closed,3.0,Set laugh those second turn.,2024-06-16,2024-06-16
1533,Charging Cable,East,"Jun 17, 2024",D4,"Jun 17, 2024",Non-Functioning,Resolved,10.0,Hope parent certain blue.,2024-06-17,2024-06-17
1534,Bluetooth Speaker,East,"Jun 18, 2024",D4,"Jun 18, 2024",Late Delivery,Closed,5.0,College focus wait.,2024-06-18,2024-06-18
1535,Charging Cable,Central,2024-06-19,E5,2024-06-19,Late Delivery,Pending,3.0,Bad occur gun realize.,2024-06-19,2024-06-19
1536,Earbuds,South,2024-06-20,B2,2024-06-20,Warranty Issue,Resolved,3.0,Win never strong last.,2024-06-20,2024-06-20
1537,Soundbar,East,"Jun 21, 2024",C3,"Jun 21, 2024",Warranty Issue,Resolved,1.0,,2024-06-21,2024-06-21
1538,Headphones,West,"Jun 22, 2024",C3,"Jun 22, 2024",Warranty Issue,Closed,5.0,,2024-06-22,2024-06-22
1539,Soundbar,East,"Jun 23, 2024",C3,"Jun 23, 2024",Non-Functioning,Pending,5.0,,2024-06-23,2024-06-23
1540,Soundbar,North,"Jun 24, 2024",A1,"Jun 24, 2024",Warranty Issue,Closed,5.0,,2024-06-24,2024-06-24
1541,Earbuds,South,"Jun 25, 2024",D4,"Jun 25, 2024",Late Delivery,Closed,7.0,,2024-06-25,2024-06-25
1542,Charging Cable,Central,26/06/2024,B2,26/06/2024,Warranty Issue,Resolved,3.0,,2024-06-26,2024-06-26
1543,Bluetooth Speaker,North,"Jun 27, 2024",A1,"Jun 27, 2024",Defect,In progress,3.0,Decade trade human without.,2024-06-27,2024-06-27
1544,Soundbar,North,2024-06-28,D4,2024-06-28,Warranty Issue,In progress,5.0,Degree people push listen.,2024-06-28,2024-06-28
1545,Charging Cable,South,"Jun 29, 2024",D4,"Jun 29, 2024",Non-Functioning,Closed,10.0,,2024-06-29,2024-06-29
1546,Bluetooth Speaker,Central,30/06/2024,B2,30/06/2024,Defect,Resolved,5.0,,2024-06-30,2024-06-30
1547,Soundbar,West,01/07/2024,B2,01/07/2024,Defect,Pending,7.0,Draw while listen focus foot.,2024-07-01,2024-07-01
1548,Bluetooth Speaker,Central,2024-07-02,B2,2024-07-02,Defect,In progress,5.0,,2024-07-02,2024-07-02
1549,Charging Cable,East,2024-07-03,A1,2024-07-03,Non-Functioning,Pending,3.0,Clear order remain game.,2024-07-03,2024-07-03
1550,Headphones,North,"Jul 04, 2024",E5,"Jul 04, 2024",Late Delivery,In progress,5.0,First foot mention stop.,2024-07-04,2024-07-04
1551,Charging Cable,East,2024-07-05,B2,2024-07-05,Warranty Issue,Resolved,7.0,Structure federal small.,2024-07-05,2024-07-05
1552,Earbuds,West,"Jul 06, 2024",E5,"Jul 06, 2024",Defect,Closed,1.0,,2024-07-06,2024-07-06
1553,Bluetooth Speaker,East,2024-07-07,A1,2024-07-07,Defect,Pending,5.0,,2024-07-07,2024-07-07
1554,Headphones,Central,08/07/2024,E5,08/07/2024,Defect,Pending,7.0,,2024-07-08,2024-07-08
1555,Bluetooth Speaker,East,2024-07-09,C3,2024-07-09,Late Delivery,Closed,5.0,Left perform matter.,2024-07-09,2024-07-09
1556,Bluetooth Speaker,West,"Jul 10, 2024",E5,"Jul 10, 2024",Late Delivery,Pending,1.0,Store million away candidate.,2024-07-10,2024-07-10
1557,Soundbar,West,"Jul 11, 2024",B2,"Jul 11, 2024",Non-Functioning,In progress,7.0,,2024-07-11,2024-07-11
1558,Earbuds,West,"Jul 12, 2024",A1,"Jul 12, 2024",Late Delivery,Closed,7.0,Cause serve some education.,2024-07-12,2024-07-12
1559,Bluetooth Speaker,Central,"Jul 13, 2024",B2,"Jul 13, 2024",Warranty Issue,In progress,3.0,,2024-07-13,2024-07-13
1560,Charging Cable,West,14/07/2024,C3,14/07/2024,Non-Functioning,In progress,10.0,,2024-07-14,2024-07-14
1561,Charging Cable,North,2024-07-15,B2,2024-07-15,Non-Functioning,Resolved,5.0,,2024-07-15,2024-07-15
1562,Soundbar,West,2024-07-16,B2,2024-07-16,Warranty Issue,In progress,3.0,,2024-07-16,2024-07-16
1563,Earbuds,East,17/07/2024,B2,17/07/2024,Warranty Issue,Resolved,1.0,Second worry above outside.,2024-07-17,2024-07-17
1564,Earbuds,East,"Jul 18, 2024",D4,"Jul 18, 2024",Warranty Issue,Pending,10.0,,2024-07-18,2024-07-18
1565,Charging Cable,East,19/07/2024,C3,19/07/2024,Non-Functioning,Pending,7.0,,2024-07-19,2024-07-19
1566,Headphones,Central,2024-07-20,B2,2024-07-20,Non-Functioning,Resolved,3.0,Develop bag left four.,2024-07-20,2024-07-20
1567,Soundbar,East,2024-07-21,B2,2024-07-21,Non-Functioning,In progress,10.0,Picture down friend remember.,2024-07-21,2024-07-21
1568,Soundbar,Central,"Jul 22, 2024",B2,"Jul 22, 2024",Warranty Issue,Closed,5.0,,2024-07-22,2024-07-22
1569,Charging Cable,Central,"Jul 23, 2024",A1,"Jul 23, 2024",Warranty Issue,Closed,1.0,West sometimes budget level.,2024-07-23,2024-07-23
1570,Charging Cable,West,2024-07-24,D4,2024-07-24,Defect,Resolved,5.0,Always low how include.,2024-07-24,2024-07-24
1571,Headphones,North,25/07/2024,A1,25/07/2024,Late Delivery,Pending,3.0,,2024-07-25,2024-07-25
1572,Headphones,West,"Jul 26, 2024",D4,"Jul 26, 2024",Defect,Pending,1.0,,2024-07-26,2024-07-26
1573,Earbuds,West,2024-07-27,B2,2024-07-27,Warranty Issue,Closed,5.0,,2024-07-27,2024-07-27
1574,Soundbar,Central,2024-07-28,C3,2024-07-28,Non-Functioning,Resolved,3.0,,2024-07-28,2024-07-28
1575,Soundbar,Central,2024-07-29,E5,2024-07-29,Warranty Issue,Closed,1.0,Artist game sea sport land.,2024-07-29,2024-07-29
1576,Charging Cable,East,30/07/2024,E5,30/07/2024,Late Delivery,In progress,1.0,,2024-07-30,2024-07-30
1577,Earbuds,East,31/07/2024,B2,31/07/2024,Defect,In progress,10.0,,2024-07-31,2024-07-31
1578,Soundbar,West,2024-08-01,A1,2024-08-01,Defect,Resolved,3.0,,2024-08-01,2024-08-01
1579,Earbuds,South,2024-08-02,C3,2024-08-02,Non-Functioning,Resolved,1.0,Author with finish note.,2024-08-02,2024-08-02
1580,Earbuds,South,"Aug 03, 2024",D4,"Aug 03, 2024",Defect,In progress,7.0,,2024-08-03,2024-08-03
1581,Charging Cable,East,2024-08-04,B2,2024-08-04,Defect,Pending,3.0,,2024-08-04,2024-08-04
1582,Earbuds,South,05/08/2024,C3,05/08/2024,Warranty Issue,Resolved,1.0,,2024-08-05,2024-08-05
1583,Headphones,East,2024-08-06,C3,2024-08-06,Defect,In progress,10.0,,2024-08-06,2024-08-06
1584,Headphones,Central,2024-08-07,D4,2024-08-07,Defect,In progress,5.0,,2024-08-07,2024-08-07
1585,Bluetooth Speaker,West,"Aug 08, 2024",C3,"Aug 08, 2024",Defect,Pending,5.0,Standard return could.,2024-08-08,2024-08-08
1586,Charging Cable,North,2024-08-09,A1,2024-08-09,Non-Functioning,Pending,7.0,,2024-08-09,2024-08-09
1587,Bluetooth Speaker,West,2024-08-10,A1,2024-08-10,Non-Functioning,Pending,3.0,,2024-08-10,2024-08-10
1588,Headphones,East,"Aug 11, 2024",A1,"Aug 11, 2024",Warranty Issue,Pending,10.0,,2024-08-11,2024-08-11
1589,Bluetooth Speaker,East,"Aug 12, 2024",C3,"Aug 12, 2024",Defect,Closed,1.0,,2024-08-12,2024-08-12
1590,Charging Cable,West,2024-08-13,A1,2024-08-13,Non-Functioning,Pending,1.0,Story store stage speak.,2024-08-13,2024-08-13
1591,Charging Cable,East,2024-08-14,D4,2024-08-14,Non-Functioning,Closed,5.0,Enter will firm work.,2024-08-14,2024-08-14
1592,Earbuds,South,2024-08-15,C3,2024-08-15,Warranty Issue,Resolved,10.0,,2024-08-15,2024-08-15
1593,Soundbar,South,16/08/2024,E5,16/08/2024,Late Delivery,In progress,7.0,,2024-08-16,2024-08-16
1594,Earbuds,East,17/08/2024,C3,17/08/2024,Defect,Closed,5.0,Grow statement service.,2024-08-17,2024-08-17
1595,Charging Cable,East,"Aug 18, 2024",D4,"Aug 18, 2024",Non-Functioning,Resolved,5.0,,2024-08-18,2024-08-18
1596,Headphones,South,19/08/2024,E5,19/08/2024,Warranty Issue,Resolved,7.0,,2024-08-19,2024-08-19
1597,Headphones,East,"Aug 20, 2024",C3,"Aug 20, 2024",Warranty Issue,Closed,3.0,,2024-08-20,2024-08-20
1598,Earbuds,East,2024-08-21,A1,2024-08-21,Warranty Issue,Resolved,1.0,Worker picture together pay.,2024-08-21,2024-08-21
1599,Charging Cable,West,22/08/2024,B2,22/08/2024,Non-Functioning,Resolved,3.0,,2024-08-22,2024-08-22
1600,Headphones,North,23/08/2024,B2,23/08/2024,Defect,Closed,10.0,,2024-08-23,2024-08-23
1601,Charging Cable,South,"Aug 24, 2024",A1,"Aug 24, 2024",Late Delivery,Resolved,5.0,,2024-08-24,2024-08-24
1602,Headphones,West,"Aug 25, 2024",B2,"Aug 25, 2024",Defect,Pending,5.0,President option do deep say.,2024-08-25,2024-08-25
1603,Charging Cable,North,2024-08-26,B2,2024-08-26,Warranty Issue,Pending,5.0,,2024-08-26,2024-08-26
1604,Bluetooth Speaker,East,27/08/2024,A1,27/08/2024,Warranty Issue,In progress,7.0,,2024-08-27,2024-08-27
1605,Charging Cable,East,28/08/2024,A1,28/08/2024,Late Delivery,Resolved,5.0,Mission threat enjoy finish.,2024-08-28,2024-08-28
1606,Charging Cable,West,29/08/2024,C3,29/08/2024,Defect,In progress,3.0,Second human open.,2024-08-29,2024-08-29
1607,Earbuds,East,2024-08-30,C3,2024-08-30,Warranty Issue,Pending,1.0,,2024-08-30,2024-08-30
1608,Bluetooth Speaker,Central,31/08/2024,A1,31/08/2024,Warranty Issue,Pending,5.0,,2024-08-31,2024-08-31
1609,Soundbar,West,"Sep 01, 2024",D4,"Sep 01, 2024",Defect,Pending,3.0,,2024-09-01,2024-09-01
1610,Earbuds,North,02/09/2024,B2,02/09/2024,Warranty Issue,Resolved,5.0,Later view new front.,2024-09-02,2024-09-02
1611,Soundbar,West,03/09/2024,C3,03/09/2024,Defect,Resolved,5.0,,2024-09-03,2024-09-03
1612,Headphones,South,"Sep 04, 2024",B2,"Sep 04, 2024",Warranty Issue,Pending,1.0,,2024-09-04,2024-09-04
1613,Soundbar,West,"Sep 05, 2024",E5,"Sep 05, 2024",Defect,In progress,10.0,,2024-09-05,2024-09-05
1614,Charging Cable,East,"Sep 06, 2024",A1,"Sep 06, 2024",Late Delivery,In progress,10.0,Ever at sit choice suggest.,2024-09-06,2024-09-06
1615,Soundbar,East,07/09/2024,D4,07/09/2024,Warranty Issue,Closed,10.0,Artist term everyone some.,2024-09-07,2024-09-07
1616,Earbuds,Central,08/09/2024,E5,08/09/2024,Late Delivery,Pending,7.0,,2024-09-08,2024-09-08
1617,Earbuds,Central,2024-09-09,E5,2024-09-09,Warranty Issue,In progress,5.0,,2024-09-09,2024-09-09
1618,Soundbar,Central,10/09/2024,E5,10/09/2024,Warranty Issue,Pending,7.0,Forward rule home.,2024-09-10,2024-09-10
1619,Earbuds,North,2024-09-11,A1,2024-09-11,Non-Functioning,In progress,3.0,,2024-09-11,2024-09-11
1620,Earbuds,Central,"Sep 12, 2024",C3,"Sep 12, 2024",Defect,Closed,7.0,,2024-09-12,2024-09-12
1621,Soundbar,North,13/09/2024,A1,13/09/2024,Late Delivery,Closed,3.0,Base source military on.,2024-09-13,2024-09-13
1622,Bluetooth Speaker,Central,14/09/2024,C3,14/09/2024,Late Delivery,Pending,3.0,,2024-09-14,2024-09-14
1623,Bluetooth Speaker,North,2024-09-15,E5,2024-09-15,Late Delivery,In progress,5.0,,2024-09-15,2024-09-15
1624,Headphones,West,"Sep 16, 2024",E5,"Sep 16, 2024",Defect,Resolved,1.0,No would detail dark.,2024-09-16,2024-09-16
1625,Earbuds,West,17/09/2024,D4,17/09/2024,Non-Functioning,Closed,5.0,Third role perform indeed.,2024-09-17,2024-09-17
1626,Soundbar,East,"Sep 18, 2024",C3,"Sep 18, 2024",Late Delivery,Pending,10.0,,2024-09-18,2024-09-18
1627,Earbuds,North,2024-09-19,E5,2024-09-19,Defect,Pending,10.0,,2024-09-19,2024-09-19
1628,Charging Cable,South,"Sep 20, 2024",B2,"Sep 20, 2024",Warranty Issue,In progress,7.0,,2024-09-20,2024-09-20
1629,Earbuds,East,21/09/2024,D4,21/09/2024,Late Delivery,Pending,3.0,Say method no.,2024-09-21,2024-09-21
1630,Earbuds,West,2024-09-22,A1,2024-09-22,Late Delivery,Closed,5.0,,2024-09-22,2024-09-22
1631,Bluetooth Speaker,North,23/09/2024,D4,23/09/2024,Non-Functioning,Pending,5.0,,2024-09-23,2024-09-23
1632,Soundbar,Central,2024-09-24,B2,2024-09-24,Late Delivery,Pending,3.0,,2024-09-24,2024-09-24
1633,Earbuds,South,2024-09-25,C3,2024-09-25,Late Delivery,Resolved,5.0,,2024-09-25,2024-09-25
1634,Bluetooth Speaker,West,2024-09-26,A1,2024-09-26,Warranty Issue,Resolved,1.0,,2024-09-26,2024-09-26
1635,Headphones,East,27/09/2024,A1,27/09/2024,Defect,Closed,5.0,,2024-09-27,2024-09-27
1636,Bluetooth Speaker,North,"Sep 28, 2024",C3,"Sep 28, 2024",Defect,In progress,3.0,Energy deep herself time.,2024-09-28,2024-09-28
1637,Bluetooth Speaker,South,29/09/2024,D4,29/09/2024,Non-Functioning,Resolved,3.0,,2024-09-29,2024-09-29
1638,Bluetooth Speaker,North,30/09/2024,E5,30/09/2024,Warranty Issue,In progress,1.0,Accept modern third.,2024-09-30,2024-09-30
1639,Earbuds,Central,"Oct 01, 2024",D4,"Oct 01, 2024",Defect,Closed,7.0,Guess respond answer him.,2024-10-01,2024-10-01
1640,Earbuds,East,02/10/2024,B2,02/10/2024,Warranty Issue,Resolved,7.0,,2024-10-02,2024-10-02
1641,Headphones,North,03/10/2024,E5,03/10/2024,Defect,In progress,1.0,Create serve become billion.,2024-10-03,2024-10-03
1642,Charging Cable,West,"Oct 04, 2024",D4,"Oct 04, 2024",Warranty Issue,Resolved,7.0,White language theory though.,2024-10-04,2024-10-04
1643,Charging Cable,East,"Oct 05, 2024",C3,"Oct 05, 2024",Non-Functioning,Closed,5.0,,2024-10-05,2024-10-05
1644,Charging Cable,West,06/10/2024,B2,06/10/2024,Late Delivery,Closed,7.0,,2024-10-06,2024-10-06
1645,Headphones,North,"Oct 07, 2024",B2,"Oct 07, 2024",Non-Functioning,Resolved,7.0,,2024-10-07,2024-10-07
1646,Charging Cable,East,2024-10-08,B2,2024-10-08,Defect,In progress,7.0,,2024-10-08,2024-10-08
1647,Charging Cable,West,2024-10-09,E5,2024-10-09,Non-Functioning,Pending,5.0,,2024-10-09,2024-10-09
1648,Bluetooth Speaker,Central,2024-10-10,A1,2024-10-10,Late Delivery,Pending,7.0,Call scientist on property.,2024-10-10,2024-10-10
1649,Earbuds,Central,"Oct 11, 2024",E5,"Oct 11, 2024",Non-Functioning,Resolved,10.0,,2024-10-11,2024-10-11
1650,Earbuds,North,"Oct 12, 2024",D4,"Oct 12, 2024",Defect,In progress,5.0,Baby movement table maintain.,2024-10-12,2024-10-12
1651,Bluetooth Speaker,East,13/10/2024,A1,13/10/2024,Defect,Pending,1.0,Around try later question.,2024-10-13,2024-10-13
1652,Bluetooth Speaker,South,"Oct 14, 2024",D4,"Oct 14, 2024",Non-Functioning,Closed,5.0,,2024-10-14,2024-10-14
1653,Bluetooth Speaker,East,15/10/2024,A1,15/10/2024,Late Delivery,In progress,1.0,,2024-10-15,2024-10-15
1654,Earbuds,Central,"Oct 16, 2024",E5,"Oct 16, 2024",Non-Functioning,Pending,5.0,North wait discover our why.,2024-10-16,2024-10-16
1655,Charging Cable,West,2024-10-17,B2,2024-10-17,Late Delivery,In progress,1.0,,2024-10-17,2024-10-17
1656,Bluetooth Speaker,South,2024-10-18,C3,2024-10-18,Warranty Issue,Resolved,10.0,,2024-10-18,2024-10-18
1657,Headphones,North,2024-10-19,B2,2024-10-19,Late Delivery,In progress,5.0,However center ability.,2024-10-19,2024-10-19
1658,Bluetooth Speaker,South,20/10/2024,E5,20/10/2024,Warranty Issue,Pending,5.0,,2024-10-20,2024-10-20
1659,Soundbar,North,21/10/2024,A1,21/10/2024,Non-Functioning,Resolved,3.0,,2024-10-21,2024-10-21
1660,Bluetooth Speaker,South,22/10/2024,B2,22/10/2024,Late Delivery,In progress,5.0,,2024-10-22,2024-10-22
1661,Earbuds,North,2024-10-23,E5,2024-10-23,Warranty Issue,Closed,5.0,Congress positive recently.,2024-10-23,2024-10-23
1662,Bluetooth Speaker,North,2024-10-24,D4,2024-10-24,Warranty Issue,Pending,3.0,,2024-10-24,2024-10-24
1663,Soundbar,South,25/10/2024,C3,25/10/2024,Warranty Issue,Resolved,7.0,,2024-10-25,2024-10-25
1664,Headphones,South,26/10/2024,B2,26/10/2024,Defect,In progress,7.0,,2024-10-26,2024-10-26
1665,Charging Cable,North,2024-10-27,A1,2024-10-27,Non-Functioning,Closed,3.0,,2024-10-27,2024-10-27
1666,Bluetooth Speaker,Central,2024-10-28,D4,2024-10-28,Warranty Issue,Pending,5.0,College their night any.,2024-10-28,2024-10-28
1667,Soundbar,South,"Oct 29, 2024",E5,"Oct 29, 2024",Late Delivery,Closed,5.0,They data sing short.,2024-10-29,2024-10-29
1668,Soundbar,East,"Oct 30, 2024",C3,"Oct 30, 2024",Warranty Issue,In progress,5.0,,2024-10-30,2024-10-30
1669,Headphones,West,31/10/2024,A1,31/10/2024,Defect,In progress,3.0,,2024-10-31,2024-10-31
1670,Earbuds,North,01/11/2024,E5,01/11/2024,Non-Functioning,Resolved,3.0,,2024-11-01,2024-11-01
1671,Bluetooth Speaker,North,"Nov 02, 2024",E5,"Nov 02, 2024",Defect,Closed,5.0,,2024-11-02,2024-11-02
1672,Soundbar,West,2024-11-03,B2,2024-11-03,Defect,Resolved,10.0,Author eight fight bar walk.,2024-11-03,2024-11-03
1673,Headphones,Central,04/11/2024,B2,04/11/2024,Defect,Pending,7.0,Oil able seven boy.,2024-11-04,2024-11-04
1674,Charging Cable,West,05/11/2024,A1,05/11/2024,Late Delivery,Resolved,1.0,Two another program grow it.,2024-11-05,2024-11-05
1675,Soundbar,South,06/11/2024,E5,06/11/2024,Non-Functioning,Pending,10.0,Democratic war court and.,2024-11-06,2024-11-06
1676,Headphones,West,07/11/2024,B2,07/11/2024,Non-Functioning,In progress,7.0,Push sometimes wish move.,2024-11-07,2024-11-07
1677,Earbuds,North,2024-11-08,C3,2024-11-08,Late Delivery,In progress,5.0,,2024-11-08,2024-11-08
1678,Earbuds,West,"Nov 09, 2024",C3,"Nov 09, 2024",Non-Functioning,Closed,10.0,,2024-11-09,2024-11-09
1679,Soundbar,East,2024-11-10,E5,2024-11-10,Defect,Pending,3.0,Against must talk play wind.,2024-11-10,2024-11-10
1680,Soundbar,South,"Nov 11, 2024",B2,"Nov 11, 2024",Non-Functioning,In progress,5.0,,2024-11-11,2024-11-11
1681,Bluetooth Speaker,West,"Nov 12, 2024",A1,"Nov 12, 2024",Late Delivery,Closed,7.0,,2024-11-12,2024-11-12
1682,Headphones,North,13/11/2024,A1,13/11/2024,Defect,Closed,5.0,,2024-11-13,2024-11-13
1683,Soundbar,South,"Nov 14, 2024",A1,"Nov 14, 2024",Late Delivery,Resolved,7.0,,2024-11-14,2024-11-14
1684,Bluetooth Speaker,North,15/11/2024,C3,15/11/2024,Warranty Issue,Closed,10.0,,2024-11-15,2024-11-15
1685,Bluetooth Speaker,Central,2024-11-16,B2,2024-11-16,Defect,In progress,5.0,Old pattern seem sound place.,2024-11-16,2024-11-16
1686,Soundbar,East,"Nov 17, 2024",B2,"Nov 17, 2024",Defect,Resolved,1.0,,2024-11-17,2024-11-17
1687,Earbuds,Central,"Nov 18, 2024",C3,"Nov 18, 2024",Non-Functioning,Pending,5.0,,2024-11-18,2024-11-18
1688,Headphones,East,2024-11-19,A1,2024-11-19,Defect,Pending,5.0,,2024-11-19,2024-11-19
1689,Headphones,West,20/11/2024,A1,20/11/2024,Late Delivery,In progress,1.0,,2024-11-20,2024-11-20
1690,Earbuds,South,"Nov 21, 2024",E5,"Nov 21, 2024",Non-Functioning,In progress,5.0,,2024-11-21,2024-11-21
1691,Soundbar,West,22/11/2024,D4,22/11/2024,Warranty Issue,Resolved,5.0,,2024-11-22,2024-11-22
1692,Headphones,East,"Nov 23, 2024",B2,"Nov 23, 2024",Late Delivery,Resolved,7.0,,2024-11-23,2024-11-23
1693,Soundbar,East,2024-11-24,B2,2024-11-24,Warranty Issue,In progress,7.0,,2024-11-24,2024-11-24
1694,Soundbar,East,"Nov 25, 2024",B2,"Nov 25, 2024",Warranty Issue,In progress,1.0,,2024-11-25,2024-11-25
1695,Bluetooth Speaker,North,"Nov 26, 2024",D4,"Nov 26, 2024",Warranty Issue,Pending,5.0,,2024-11-26,2024-11-26
1696,Earbuds,South,27/11/2024,E5,27/11/2024,Defect,Pending,10.0,,2024-11-27,2024-11-27
1697,Soundbar,West,28/11/2024,D4,28/11/2024,Late Delivery,Pending,10.0,,2024-11-28,2024-11-28
1698,Charging Cable,West,29/11/2024,A1,29/11/2024,Late Delivery,In progress,5.0,Might early machine.,2024-11-29,2024-11-29
1699,Earbuds,Central,30/11/2024,A1,30/11/2024,Defect,Closed,5.0,,2024-11-30,2024-11-30
