Part,Cost_Per_Unit,Wastage_Percentage,Quantity_Produced,Date,Supplier,Batch_Number,Notes,Production_Line,Inspection_Status,Date_parsed
Pcb,43.71,4,809,2023-01-01,Clarke Ltd,1601,,Nan,Failded,2023-01-01
Earbud Housing,95.56,1,906,02/01/2023,Smith Plc,1313,Money decision just across no.,Line A,,2023-01-02
Microphone,75.88,3,539,2023-01-03,Smith-Wright,1565,Knowledge sound less scene final.,Line C,Failed,2023-01-03
Pcb,63.88,1,418,"Jan 04, 2023",Walsh Ltd,1011,Father well set remain result.,Line D,,2023-01-04
Microphone,24.04,4,401,"Jan 05, 2023","Ruiz, Edwards And Farmer",1208,,Line A,,2023-01-05
Charger,15.23,0,110,2023-01-07,Franklin-Golden,1013,,Line C,Passed,2023-01-07
Pcb,87.96,4,161,2023-01-08,Acosta And Sons,1632,,Line D,Failded,2023-01-08
Wire,64.1,0,944,"Jan 09, 2023","Thomas, Beasley And Robinson",1417,,Nan,Failed,2023-01-09
Battery,73.73,3,325,2023-01-10,Jones Group,1436,Scientist camera see even alone.,Nan,Passed,2023-01-10
Cable,11.85,1,252,"Jan 11, 2023","Obrien, Fischer And Foster",1376,,Line D,Passed,2023-01-11
Speaker,97.29,1,810,2023-01-12,"Solomon, Oneill And Foster",1019,It campaign enjoy push away energy.,Line A,Passed,2023-01-12
Pcb,84.92,0,663,2023-01-13,"Coleman, Parsons And Boone",1586,Husband clearly on heart effort community million.,Line A,Passed,2023-01-13
Wire,29.11,1,871,"Jan 14, 2023",Martinez Plc,1911,,Line A,Failded,2023-01-14
Earbud Housing,26.36,4,670,2023-01-15,Barron Ltd,1754,Task moment with always.,Line D,Failded,2023-01-15
Cable,26.51,2,683,16/01/2023,"Murphy, Hendricks And Morrison",1734,,Line A,,2023-01-16
Earbud Housing,37.38,0,759,17/01/2023,Meyer Llc,1069,,Line C,Passed,2023-01-17
Battery,57.23,1,960,"Jan 18, 2023","Schwartz, Cannon And Tran",1823,Teacher ability themselves kid challenge data.,Nan,Passed,2023-01-18
Speaker,48.88,0,674,2023-01-19,Richmond Llc,1210,,Line C,Failded,2023-01-19
Pcb,36.21,0,409,20/01/2023,Alvarez And Sons,1100,While no system.,Line A,Failed,2023-01-20
Pcb,65.07,2,984,"Jan 21, 2023","Lawson, King And Roberts",1697,Particular far quality significant.,Line C,Failded,2023-01-21
Charger,22.55,4,342,"Jan 22, 2023",Mcfarland Plc,1131,,Line A,Failed,2023-01-22
Charger,36.29,0,592,23/01/2023,Knox-Harris,1622,,Line D,Passed,2023-01-23
Battery,42.97,1,465,"Jan 24, 2023",Wu-Gordon,1380,,Line C,Failded,2023-01-24
Battery,51.05,3,429,2023-01-25,Lane Ltd,1131,,Line D,Failded,2023-01-25
Speaker,80.67,0,206,2023-01-26,Grant Plc,1019,Young American ok since.,Line D,Passed,2023-01-26
Charger,27.97,0,325,"Jan 27, 2023",Richardson-Porter,1905,Wind whatever personal table.,Line B,Failded,2023-01-27
Wire,56.28,2,924,2023-01-28,Castillo-Bailey,1535,,Line A,Failed,2023-01-28
Wire,63.32,4,317,2023-01-29,Moore-Hicks,1226,,Nan,Failded,2023-01-29
Speaker,14.18,3,852,30/01/2023,Erickson Inc,1153,,Line A,Passed,2023-01-30
Wire,64.68,1,605,31/01/2023,"White, Wright And Randall",1804,,Nan,,2023-01-31
Connector,25.35,3,358,01/02/2023,"Green, Murray And Sanders",1741,,Line A,Failed,2023-02-01
Microphone,15.85,1,987,"Feb 02, 2023","Perez, Kennedy And Palmer",1468,,Line D,Passed,2023-02-02
Speaker,95.4,4,873,2023-02-03,"Gonzales, Bailey And Deleon",1821,,Line C,Passed,2023-02-03
Speaker,96.91,1,616,"Feb 04, 2023","Peterson, Wong And Thompson",1999,Ever surface cause adult article set.,Line C,Failed,2023-02-04
Chipset,82.76,2,872,05/02/2023,"Perez, Gray And Klein",1870,Character ahead language.,Line B,,2023-02-05
Cable,37.42,2,153,06/02/2023,Martinez-Ferguson,1404,,Nan,,2023-02-06
Cable,18.79,2,146,"Feb 07, 2023",Jones-Hahn,1201,,Nan,Passed,2023-02-07
Connector,71.58,2,826,2023-02-08,Daniel Ltd,1037,There them majority firm several become adult poor.,Nan,Passed,2023-02-08
Charger,49.61,3,788,2023-02-09,"Wyatt, Allison And Fitzpatrick",1941,Nor lead those over.,Line D,Failed,2023-02-09
Battery,20.98,4,620,10/02/2023,Moss Plc,1771,,Nan,Failded,2023-02-10
Battery,54.57,1,198,2023-02-11,Nash-Middleton,1187,Speak talk or country interesting set.,Line C,Passed,2023-02-11
Earbud Housing,13.09,1,119,12/02/2023,Hopkins Llc,1056,Thank station partner candidate chance election ready.,Line D,Failded,2023-02-12
Connector,91.84,2,989,2023-02-13,Rogers Inc,1940,,Line A,Passed,2023-02-13
Speaker,33.29,2,852,2023-02-14,Jackson Inc,1019,According here teacher treatment claim challenge even.,Nan,,2023-02-14
Connector,69.63,0,672,15/02/2023,Chandler Group,1272,Though effort kid instead ask treat story offer.,Nan,Failded,2023-02-15
Connector,38.05,4,990,16/02/2023,Schaefer-Moore,1118,,Line A,,2023-02-16
Connector,56.81,3,589,"Feb 17, 2023","Hawkins, Perez And Allen",1582,,Nan,Failded,2023-02-17
Cable,59.2,1,518,2023-02-18,"Brady, Lewis And Cruz",1515,,Line A,Passed,2023-02-18
Connector,26.64,0,789,"Feb 19, 2023",Carlson-Marshall,1220,Certain whose often whether.,Line D,Passed,2023-02-19
Battery,79.76,1,161,2023-02-21,"Lang, Jacobs And Cannon",1514,Deal tell whatever challenge hair environmental politics do.,Line A,Passed,2023-02-21
Earbud Housing,94.55,3,244,2023-02-22,Carlson Llc,1727,Issue scene trial man model reduce.,Line B,Passed,2023-02-22
Microphone,90.53,0,315,23/02/2023,Pierce Llc,1740,Class tax these among fill mother.,Line A,,2023-02-23
Earbud Housing,63.81,0,102,2023-02-24,Cline Llc,1335,,Nan,Passed,2023-02-24
Chipset,92.97,4,259,2023-02-25,"Young, Fields And Lopez",1697,,Line D,Failded,2023-02-25
Earbud Housing,17.96,3,838,26/02/2023,Nelson Inc,1054,,Line D,Passed,2023-02-26
Battery,27.64,0,880,2023-02-27,Mckinney-Meyer,1499,,Line A,,2023-02-27
Battery,14.07,3,219,28/02/2023,Hartman Ltd,1899,,Line C,Passed,2023-02-28
Connector,39.28,1,992,2023-03-01,Ewing Ltd,1887,,Line B,,2023-03-01
Pcb,44.98,2,188,"Mar 02, 2023",Pineda Group,1765,,Line D,Failed,2023-03-02
Chipset,34.42,0,428,"Mar 03, 2023",Adams And Sons,1535,,Nan,Failed,2023-03-03
Speaker,84.59,4,679,"Mar 04, 2023",Leon-Curtis,1161,,Nan,Failded,2023-03-04
Wire,42.11,1,456,2023-03-05,"Patton, Huynh And Patrick",1669,Thousand knowledge inside sense administration sit pressure.,Line C,,2023-03-05
Earbud Housing,35.28,3,709,2023-03-06,Ford Ltd,1593,,Line D,Failded,2023-03-06
Pcb,58.84,1,366,07/03/2023,Vasquez-Rodriguez,1914,,Line A,Failded,2023-03-07
Connector,22.68,0,716,"Mar 08, 2023",Brady-Howard,1158,,Nan,Failed,2023-03-08
Cable,82.2,3,422,"Mar 09, 2023","Gonzalez, Wong And Price",1187,Face actually son none.,Line C,Failded,2023-03-09
Speaker,16.71,2,734,2023-03-10,Anthony Plc,1059,Money major what toward control surface under.,Line D,Failed,2023-03-10
Charger,98.82,1,640,"Mar 11, 2023","Sanchez, Crawford And Chavez",1914,Traditional quickly natural condition history.,Line D,Passed,2023-03-11
Pcb,79.5,0,748,"Mar 12, 2023","White, Jones And Holmes",1816,,Line D,,2023-03-12
Cable,27.88,4,294,13/03/2023,Hawkins Inc,1318,,Line D,Failded,2023-03-13
Chipset,10.5,3,837,"Mar 14, 2023","Carson, Sullivan And Mason",1877,,Line D,Failed,2023-03-14
Connector,83.39,1,431,"Mar 15, 2023","Barrera, Cordova And Taylor",1210,,Nan,Passed,2023-03-15
Speaker,73.62,1,269,2023-03-16,"Smith, Espinoza And Powell",1405,Like listen within yard hot talk.,Line C,Failded,2023-03-16
Speaker,75.61,2,620,"Mar 17, 2023",Warner Llc,1663,Somebody kitchen subject provide.,Line D,Passed,2023-03-17
Speaker,79.41,2,562,18/03/2023,"Henderson, Hendricks And Khan",1108,,Line B,Passed,2023-03-18
Chipset,16.66,4,139,2023-03-19,Lee-Wells,1075,,Line B,Passed,2023-03-19
Earbud Housing,42.26,4,636,2023-03-20,Brown-Chandler,1541,,Line C,Failed,2023-03-20
Charger,20.43,0,360,2023-03-21,Kramer-Harris,1313,Sing learn talk must pretty.,Line A,Failded,2023-03-21
Chipset,87.68,0,494,2023-03-22,"Green, Hill And Wells",1997,,Line A,Failed,2023-03-22
Wire,66.1,4,325,"Mar 23, 2023",Morris-Wyatt,1116,,Line A,Passed,2023-03-23
Charger,39.78,4,223,"Mar 24, 2023",Jackson Group,1926,Accept force decision shake.,Line B,Failed,2023-03-24
Battery,15.72,3,137,2023-03-25,"Moore, Abbott And Hunter",1867,,Line A,Passed,2023-03-25
Connector,37.99,2,427,2023-03-26,"Mccullough, Aguilar And Rogers",1703,,Nan,Failed,2023-03-26
Chipset,39.27,0,350,2023-03-27,"Garcia, Richmond And Lloyd",1018,,Line D,Passed,2023-03-27
Cable,75.66,2,275,2023-03-28,"Marquez, Baker And Giles",1431,,Line B,,2023-03-28
Charger,67.38,2,701,2023-03-29,Clark-Henry,1684,,Line C,Passed,2023-03-29
Wire,89.85,4,553,2023-03-30,"Ramirez, Hanson And Burton",1739,Nearly Mrs civil management issue piece which.,Line C,Passed,2023-03-30
Battery,52.5,3,136,2023-03-31,"Diaz, Lawson And Goodwin",1349,Walk some get professor big kind particularly fact.,Line D,,2023-03-31
Earbud Housing,20.76,1,415,"Apr 01, 2023","Mejia, Brown And Potter",1182,Ready even protect board visit where discuss.,Line B,,2023-04-01
Cable,74.19,3,787,02/04/2023,"Cooper, Garcia And Berry",1112,,Line A,Failded,2023-04-02
Charger,78.47,3,895,2023-04-03,"Price, Gross And Khan",1182,,Line A,Failded,2023-04-03
Connector,60.51,2,692,04/04/2023,"Ramirez, Burns And Hicks",1480,,Nan,Passed,2023-04-04
Cable,79.39,3,213,"Apr 05, 2023",Davis Ltd,1145,,Nan,Passed,2023-04-05
Battery,54.44,0,139,"Apr 06, 2023",Johnson Inc,1830,,Line A,Passed,2023-04-06
Cable,57.05,2,400,"Apr 07, 2023",Carroll-Reynolds,1627,,Line C,Passed,2023-04-07
Microphone,48.48,0,323,2023-04-08,Good Inc,1112,,Line C,Failded,2023-04-08
Pcb,12.29,1,417,"Apr 09, 2023","Cook, Barnett And Russell",1762,,Nan,Failded,2023-04-09
Earbud Housing,19.71,2,448,"Apr 10, 2023","Lopez, French And James",1475,Enough personal standard gun century six cup person.,Line D,Passed,2023-04-10
Battery,12.83,1,214,2023/15/05,Alvarez Group,1762,Human when fine race bag.,Line A,Passed,
Cable,67.28,2,797,"Apr 12, 2023","Wallace, Miller And Miller",1302,,Nan,Failed,2023-04-12
Pcb,38.29,4,422,2023-04-13,"Romero, Griffith And Thompson",1970,,Nan,Failed,2023-04-13
Pcb,55.77,3,667,"Apr 14, 2023",Strickland-Martinez,1824,,Line A,Passed,2023-04-14
Cable,91.68,4,139,2023-04-15,"Brown, Small And Daniel",1117,Involve plan they bring former age himself.,Line A,Failed,2023-04-15
Connector,32.44,1,965,2023-04-16,"Swanson, Avery And Newton",1812,,Line C,,2023-04-16
Microphone,46.93,3,139,"Apr 17, 2023",Mann Ltd,1160,Middle surface miss investment.,Line D,Failded,2023-04-17
Chipset,78.0,2,958,2023-04-18,Novak Llc,1400,,Line D,Failded,2023-04-18
Microphone,30.59,3,848,2023-04-19,"Conrad, Baker And Hughes",1197,,Line A,Passed,2023-04-19
Cable,16.93,0,388,"Apr 20, 2023","Davis, Smith And Mckinney",1259,,Line B,Passed,2023-04-20
Earbud Housing,36.08,3,361,2023-04-21,Clark Inc,1659,Church chair career ever realize all.,Nan,Passed,2023-04-21
Chipset,24.51,0,315,"Apr 22, 2023",Ayers Inc,1751,Career win old responsibility past arm become.,Nan,Failed,2023-04-22
Battery,93.67,3,246,"Apr 23, 2023","Brandt, Yates And Kim",1046,,Line A,Passed,2023-04-23
Microphone,82.73,0,435,"Apr 24, 2023","Holmes, Reed And Rowe",1986,Close early south leg only well decide gun.,Line B,Failed,2023-04-24
Cable,67.01,1,267,25/04/2023,Johnson-Castro,1398,,Line C,,2023-04-25
Microphone,88.43,4,191,"Apr 26, 2023",Jordan-Wood,1709,Quickly ready red traditional.,Line A,Failed,2023-04-26
Chipset,82.33,2,452,27/04/2023,Roberts Llc,1558,Himself body money office right near.,Line A,,2023-04-27
Wire,26.79,3,670,2023-04-28,"Kim, Hart And Adams",1077,Ask month human southern resource author so.,Nan,,2023-04-28
Charger,90.33,4,670,2023-04-29,Turner-Lee,1123,,Line A,Failed,2023-04-29
Microphone,58.54,2,915,2023-04-30,White-Thompson,1074,Leave across story.,Line A,Failed,2023-04-30
Battery,82.67,2,780,"May 01, 2023",Vasquez Inc,1870,,Line A,,2023-05-01
Battery,90.65,0,880,"May 02, 2023",Dean-Perez,1136,,Nan,Passed,2023-05-02
Speaker,38.62,1,462,03/05/2023,Luna Group,1601,,Line C,,2023-05-03
Microphone,19.9,1,656,04/05/2023,"Garza, Bentley And Jackson",1399,Poor approach positive stuff small certain report.,Line C,Failded,2023-05-04
Charger,30.51,4,444,2023-05-05,Orozco Group,1836,,Line A,,2023-05-05
Connector,48.44,1,792,2023-05-06,Smith And Sons,1504,Stage reflect bring hand.,Nan,Passed,2023-05-06
Pcb,83.62,3,269,2023-05-07,Barnes-Simmons,1499,,Line C,Failded,2023-05-07
Charger,87.47,1,455,"May 08, 2023","Johnson, Sparks And Fitzgerald",1572,Up understand often issue foreign.,Line C,Passed,2023-05-08
Pcb,10.63,4,290,09/05/2023,Lynch Plc,1137,,Line C,Passed,2023-05-09
Pcb,55.97,1,766,10/05/2023,"Miranda, Richards And Gaines",1049,Window skill sport simple place bill discussion fast.,Nan,Passed,2023-05-10
Wire,47.57,3,521,2023-05-11,"Jackson, Barker And Martin",1770,Reality fact animal physical letter seat human.,Nan,,2023-05-11
Speaker,29.99,0,799,"May 12, 2023",Gibson-Leblanc,1972,Line have individual offer six nearly always.,Line A,Failed,2023-05-12
Charger,20.79,4,106,"May 13, 2023",Williams-Porter,1618,,Line D,Passed,2023-05-13
Charger,40.39,0,232,"May 14, 2023",White Group,1624,,Line C,Failded,2023-05-14
Wire,94.86,0,846,"May 15, 2023","Young, Perez And Green",1861,Conference billion light per TV.,Line D,Failded,2023-05-15
Microphone,39.09,0,656,16/05/2023,Smith-Vega,1253,Current career opportunity ball PM realize voice send.,Nan,Passed,2023-05-16
Microphone,56.69,2,925,"May 17, 2023","Webb, Sullivan And Taylor",1629,,Nan,Failded,2023-05-17
Microphone,73.27,2,860,18/05/2023,Small Ltd,1709,Must environmental this tend enter.,Nan,Passed,2023-05-18
Earbud Housing,42.73,0,130,19/05/2023,Torres Plc,1848,Build trip likely.,Line D,Failded,2023-05-19
Pcb,97.46,4,634,20/05/2023,Allen-Myers,1876,,Nan,Passed,2023-05-20
Earbud Housing,96.62,3,525,"May 21, 2023",White-Patel,1562,,Line A,Failed,2023-05-21
Speaker,32.66,3,493,22/05/2023,Berger-Anderson,1756,Game expert pattern marriage change job teacher.,Nan,Passed,2023-05-22
Wire,54.75,1,771,2023-05-23,"King, Delacruz And Simmons",1914,,Line B,Failded,2023-05-23
Charger,37.08,4,462,24/05/2023,Ramirez-Jackson,1425,Teacher policy hand loss evidence hotel.,Line D,Passed,2023-05-24
Pcb,35.64,2,536,"May 25, 2023","Bryant, Ramirez And Daniels",1546,,Line B,,2023-05-25
Earbud Housing,13.32,0,769,"May 26, 2023","Patrick, Gonzalez And Jackson",1301,Choose degree show boy sister project list.,Nan,Passed,2023-05-26
Earbud Housing,64.86,1,650,"May 27, 2023",Thomas Ltd,1921,,Line A,Failed,2023-05-27
Cable,55.24,3,181,2023-05-28,Thompson Llc,1580,,Line C,Passed,2023-05-28
Earbud Housing,14.63,2,455,29/05/2023,Bryan-Escobar,1348,,Nan,Failed,2023-05-29
Connector,35.08,2,357,"May 30, 2023",Price And Sons,1831,,Line A,Failed,2023-05-30
Connector,31.56,3,688,"Jun 01, 2023",Davis-Moore,1979,,Line B,Failded,2023-06-01
Charger,23.04,4,623,02/06/2023,Cole Plc,1048,Seat fact free mean.,Line B,Passed,2023-06-02
Wire,54.05,2,394,03/06/2023,Gray-Smith,1916,,Line B,,2023-06-03
Charger,98.71,0,323,04/06/2023,Conner-Lawson,1073,,Line D,Passed,2023-06-04
Connector,31.78,4,624,"Jun 05, 2023","Thomas, Doyle And Pratt",1703,Answer carry build myself standard.,Line A,,2023-06-05
Charger,70.49,3,145,"Jun 06, 2023","Adams, Jacobs And Hall",1260,,Line D,Failed,2023-06-06
Wire,78.55,2,766,"Jun 07, 2023","Carney, Sosa And Hanson",1355,,Line B,Passed,2023-06-07
Wire,31.39,4,212,2023-06-08,Reed-Haynes,1581,,Nan,Passed,2023-06-08
Speaker,75.54,4,332,09/06/2023,Hensley-Grant,1601,,Line C,Passed,2023-06-09
Charger,43.1,4,116,2023-06-10,Gomez-Garcia,1259,,Line D,,2023-06-10
Cable,66.91,2,459,2023-06-11,Miller-Johnson,1637,,Line D,Failed,2023-06-11
Microphone,67.02,2,322,12/06/2023,"Wilson, Obrien And Berg",1742,Ask finally moment out recent skin cost give.,Line A,Failed,2023-06-12
Battery,58.22,1,965,2023-06-13,"Hill, Tran And Chavez",1294,,Line A,,2023-06-13
Wire,18.13,3,799,14/06/2023,Gonzalez-Clayton,1930,Paper key health should green discussion.,Line D,Failed,2023-06-14
Chipset,85.18,0,547,15/06/2023,"Neal, Morrison And Curtis",1640,,Line B,Failded,2023-06-15
Microphone,38.87,4,955,2023-06-16,Anderson-West,1791,,Line C,Passed,2023-06-16
Pcb,26.79,1,464,17/06/2023,Norris Plc,1312,Take human the.,Line A,Passed,2023-06-17
Charger,13.67,0,774,18/06/2023,"Walker, Christian And Stevens",1611,Interview general station century best effort.,Line B,Passed,2023-06-18
Connector,63.18,1,425,19/06/2023,Hodges-Brown,1837,,Nan,Passed,2023-06-19
Battery,70.98,2,566,2023-06-20,Green-Anderson,1808,,Line A,Failded,2023-06-20
Chipset,11.49,4,513,"Jun 21, 2023",Wilson And Sons,1181,,Line B,Failed,2023-06-21
Microphone,56.09,0,554,22/06/2023,Avila-Richardson,1685,,Line B,,2023-06-22
Charger,30.38,0,685,23/06/2023,"Wilkerson, Wood And Morris",1827,Win war quickly shake.,Line C,Failded,2023-06-23
Speaker,68.07,0,332,2023-06-24,Vaughn Group,1363,,Line C,Passed,2023-06-24
Pcb,25.69,0,323,2023-06-25,"Gardner, Gilbert And Wolfe",1187,,Nan,,2023-06-25
Battery,72.18,0,930,"Jun 26, 2023",Andersen Group,1568,,Line B,Failed,2023-06-26
Cable,44.81,1,511,"Jun 27, 2023","Moore, Rose And Johnson",1542,Nation himself sell within value light wear.,Line B,Failded,2023-06-27
Speaker,94.31,4,671,28/06/2023,West Llc,1595,,Line C,,2023-06-28
Chipset,22.38,2,434,29/06/2023,"Rodriguez, Whitaker And Grimes",1663,,Line A,Failded,2023-06-29
Battery,40.7,2,321,2023-06-30,Grant-Edwards,1984,Imagine north eight north remember couple develop.,Line A,Failded,2023-06-30
Speaker,20.21,2,136,01/07/2023,"Stokes, Hawkins And Perez",1547,Process compare Republican push carry value natural.,Line D,Failed,2023-07-01
Pcb,93.22,2,377,02/07/2023,"Young, Johnson And Horne",1724,,Line C,Passed,2023-07-02
Cable,88.96,1,295,2023-07-03,Page Group,1925,,Line D,,2023-07-03
Speaker,33.21,3,963,2023-07-04,"Vasquez, Moon And Bush",1407,,Line C,Failed,2023-07-04
Earbud Housing,69.4,4,583,05/07/2023,Sanchez Llc,1875,,Nan,Failded,2023-07-05
Cable,83.55,0,341,06/07/2023,"Miller, Rodriguez And Lee",1617,Black drug beautiful society machine much agency.,Line B,Failed,2023-07-06
Chipset,59.97,3,423,"Jul 07, 2023","Hill, Anderson And Harmon",1413,Her such individual anything.,Nan,Passed,2023-07-07
Pcb,57.67,2,830,2023-07-08,Haas Group,1341,,Line C,,2023-07-08
Charger,31.77,3,291,09/07/2023,"Martinez, Gill And Ortiz",1219,,Line B,Passed,2023-07-09
Connector,18.38,4,116,2023-07-10,"Miller, Martinez And Kennedy",1902,,Line A,Passed,2023-07-10
Connector,90.75,0,623,"Jul 11, 2023",Smith Ltd,1162,About white me including mind century.,Line A,,2023-07-11
Connector,91.04,0,500,12/07/2023,Lawrence Inc,1950,Voice east always history strategy business model.,Line D,Passed,2023-07-12
Battery,66.98,4,985,"Jul 13, 2023","Anderson, Gonzalez And Wise",1219,,Line C,Failded,2023-07-13
Chipset,40.51,4,804,2023-07-14,Johnson-Valencia,1269,,Line C,,2023-07-14
Pcb,41.43,2,121,"Jul 15, 2023","Richards, Davis And Lindsey",1631,When medical within interesting.,Line A,,2023-07-15
Cable,75.34,0,573,16/07/2023,Watkins-Knight,1905,Out catch while region federal sea.,Nan,Failed,2023-07-16
Battery,90.74,3,219,"Jul 17, 2023",Cole And Sons,1847,,Line B,Failded,2023-07-17
Chipset,89.84,1,309,2023-07-18,"Henry, Maddox And Foster",1399,,Nan,Passed,2023-07-18
Charger,80.19,1,405,2023-07-19,Wilson Llc,1181,Trip other somebody shake almost majority ago.,Nan,Passed,2023-07-19
Earbud Housing,67.78,4,369,2023-07-20,"Smith, Day And Williams",1990,,Line A,Failed,2023-07-20
Pcb,17.57,2,803,21/07/2023,Smith Llc,1617,,Line A,Passed,2023-07-21
Connector,24.55,1,786,22/07/2023,Johnson-Huffman,1728,Which south red.,Line A,Passed,2023-07-22
Speaker,90.87,0,384,2023-07-23,"Campbell, Williams And Anderson",1204,Dark someone line example customer feel meet room.,Line D,Passed,2023-07-23
Pcb,64.58,4,815,24/07/2023,"Warren, Lee And Russell",1581,,Nan,,2023-07-24
Wire,10.83,3,775,"Jul 25, 2023","Nguyen, Woods And Hoover",1555,Force else record too major.,Line C,Passed,2023-07-25
Chipset,19.13,4,862,26/07/2023,Marshall-Luna,1840,,Line B,Passed,2023-07-26
Microphone,69.72,3,326,27/07/2023,Rodgers Inc,1812,Lawyer exactly ask.,Line D,Failded,2023-07-27
Charger,10.46,4,480,28/07/2023,"Rhodes, Johnson And Lewis",1227,,Line C,Failded,2023-07-28
Earbud Housing,24.47,4,559,29/07/2023,Williams Llc,1695,,Nan,,2023-07-29
Charger,59.39,4,106,"Jul 30, 2023",Wood-Marshall,1618,Man heavy wonder available staff eat other participant.,Line A,Passed,2023-07-30
Pcb,72.27,3,128,"Jul 31, 2023",Sherman-Dominguez,1595,For to partner decide cause.,Nan,Passed,2023-07-31
Microphone,68.68,3,132,"Aug 01, 2023",Phillips Inc,1849,,Line B,Passed,2023-08-01
Wire,30.18,4,745,2023-08-02,Lopez Ltd,1249,,Line D,Passed,2023-08-02
Cable,74.1,1,978,2023-08-03,Martinez-Anderson,1874,,Line D,Failed,2023-08-03
Speaker,31.35,2,178,"Aug 04, 2023",Beck-Barr,1440,,Line B,Passed,2023-08-04
Microphone,39.29,2,558,05/08/2023,Bailey-Young,1532,,Line C,Failed,2023-08-05
Chipset,77.18,2,669,06/08/2023,"Warren, Cordova And Morton",1195,,Line C,,2023-08-06
Connector,68.47,3,637,2023-08-07,White-Hicks,1689,,Line D,Failded,2023-08-07
Wire,86.43,3,581,08/08/2023,"Mccullough, Stephenson And Richardson",1928,,Line D,,2023-08-08
Speaker,69.19,1,529,2023-08-09,Dunn Inc,1986,,Line A,Failded,2023-08-09
Earbud Housing,61.15,2,837,"Aug 10, 2023","Smith, Keller And Donovan",1518,,Line C,,2023-08-10
Connector,18.43,2,384,"Aug 11, 2023",Brown Plc,1069,,Line B,Passed,2023-08-11
Pcb,43.09,4,615,12/08/2023,Cohen-Cordova,1638,,Line C,Failed,2023-08-12
Microphone,33.87,3,198,13/08/2023,Rivera Ltd,1398,,Line A,Failded,2023-08-13
Speaker,31.96,2,496,14/08/2023,"Hudson, Collier And Russo",1977,Call collection prepare center.,Line D,Passed,2023-08-14
Battery,97.57,1,588,"Aug 15, 2023",Nguyen-Wilson,1671,Bill clearly growth deep you.,Line D,Failed,2023-08-15
Cable,45.38,1,138,16/08/2023,Miles Plc,1759,,Line A,Passed,2023-08-16
Cable,90.28,2,370,2023-08-17,Tran-Martin,1202,Owner part arm drive dog.,Line B,Failed,2023-08-17
Wire,66.8,3,986,"Aug 18, 2023",Manning-Herman,1147,,Line D,Failed,2023-08-18
Earbud Housing,81.53,1,896,19/08/2023,"Cameron, Price And Chandler",1471,,Nan,,2023-08-19
Wire,55.24,4,256,20/08/2023,"Martin, Swanson And Weber",1654,Accept position citizen instead discover.,Line D,Failded,2023-08-20
Battery,61.92,1,174,21/08/2023,Gibson-Adams,1943,North partner beautiful soldier coach blood history.,Nan,Failded,2023-08-21
Chipset,54.33,0,983,2023-08-22,Horn-Gilbert,1198,Social best dog condition kid center.,Line A,Failed,2023-08-22
Earbud Housing,27.57,0,899,"Aug 23, 2023",Ho Plc,1916,Own little rule safe discuss with.,Line A,Passed,2023-08-23
Charger,75.02,3,229,24/08/2023,"Wilson, Brown And Ryan",1425,,Line D,Passed,2023-08-24
Chipset,35.27,2,786,2023-08-25,Adams And Sons,1665,,Line C,Passed,2023-08-25
Earbud Housing,12.19,3,183,"Aug 26, 2023",Davis Inc,1491,,Nan,Passed,2023-08-26
Earbud Housing,68.09,3,121,27/08/2023,"Miller, Valenzuela And Hernandez",1887,,Line B,,2023-08-27
Battery,25.94,3,558,28/08/2023,Burke Group,1895,Guy hand cup.,Line D,Failed,2023-08-28
Pcb,94.64,3,638,2023-08-29,Leach-Boyd,1141,Action national board per store current.,Line B,Passed,2023-08-29
Battery,95.85,4,806,30/08/2023,Henderson Ltd,1312,,Line D,Passed,2023-08-30
Earbud Housing,92.34,4,948,2023-08-31,Rivera Group,1164,,Line C,Failed,2023-08-31
Speaker,43.31,1,481,01/09/2023,Edwards Llc,1313,Republican their attack interview argue single.,Line C,,2023-09-01
Chipset,11.39,0,847,"Sep 02, 2023",Cortez And Sons,1020,,Line C,Passed,2023-09-02
Battery,93.55,3,539,03/09/2023,"Richmond, Winters And Powell",1081,Across blue right fine large small.,Line C,,2023-09-03
Pcb,48.54,1,703,"Sep 04, 2023",Sanders-Jackson,1580,Last order major take.,Line A,Failded,2023-09-04
Microphone,97.0,0,120,2023-09-05,Buchanan-Mcmahon,1130,Product control language without husband word professor.,Line A,,2023-09-05
Wire,96.73,2,402,"Sep 06, 2023",Blackburn And Sons,1598,,Nan,Passed,2023-09-06
Earbud Housing,86.77,4,968,"Sep 07, 2023",Thompson Inc,1729,,Line B,Passed,2023-09-07
Charger,36.5,0,183,2023-09-08,"Williams, Norton And Vaughan",1932,,Line D,,2023-09-08
Microphone,44.66,2,873,09/09/2023,"Bell, Smith And Burns",1983,,Line D,Passed,2023-09-09
Cable,86.6,0,758,10/09/2023,Bryant-Mitchell,1304,,Line A,Failded,2023-09-10
Connector,38.52,4,552,2023-09-11,Evans Plc,1914,Cover should for summer public believe.,Line D,Failed,2023-09-11
Pcb,25.25,4,486,2023-09-12,Stevenson-Price,1370,,Line A,Passed,2023-09-12
Charger,60.11,1,606,2023-09-13,"Williams, Gomez And Ramirez",1856,,Nan,Passed,2023-09-13
Connector,94.25,3,356,"Sep 14, 2023","Williams, Anderson And Macias",1852,,Line B,,2023-09-14
Pcb,72.64,0,669,2023-09-15,Bush And Sons,1383,,Nan,Failded,2023-09-15
Speaker,61.31,0,991,"Sep 16, 2023",Hernandez-Davis,1907,Then participant list just do half.,Line C,Failed,2023-09-16
Wire,18.75,2,626,2023-09-17,"Singleton, Maldonado And Stanley",1444,Audience cost life member risk.,Line C,,2023-09-17
Microphone,65.35,4,261,"Sep 18, 2023",Smith-Taylor,1424,,Line C,,2023-09-18
Chipset,99.1,0,262,2023-09-19,"Garcia, Williams And Browning",1160,,Nan,Failded,2023-09-19
Pcb,22.61,4,931,"Sep 20, 2023","Bishop, Navarro And Gonzalez",1177,,Line D,Failed,2023-09-20
Chipset,56.65,0,892,2023-09-21,Baker-Henderson,1628,,Line B,Failded,2023-09-21
Wire,88.96,1,891,22/09/2023,Jones-Mason,1707,,Line C,Failed,2023-09-22
Earbud Housing,76.67,3,623,23/09/2023,Brown Plc,1894,,Line C,Failded,2023-09-23
Cable,72.73,0,885,2023-09-24,"Barton, Thompson And Walker",1489,,Line C,,2023-09-24
Microphone,73.22,4,370,2023-09-25,Gonzalez Llc,1326,,Line B,,2023-09-25
Wire,42.35,1,591,"Sep 26, 2023",Le Ltd,1597,,Line C,Passed,2023-09-26
Wire,36.42,0,307,"Sep 27, 2023",Warner Ltd,1288,,Line B,Passed,2023-09-27
Speaker,82.84,2,638,2023-09-28,King-Pope,1592,,Line C,Failded,2023-09-28
Connector,82.91,3,683,2023-09-29,Hernandez And Sons,1663,,Nan,Passed,2023-09-29
Cable,88.04,0,159,2023-09-30,"Green, Garcia And Howell",1572,,Nan,Passed,2023-09-30
Microphone,92.19,1,529,2023-10-01,Kelley-Nguyen,1572,,Line B,Failded,2023-10-01
Earbud Housing,56.02,2,756,2023-10-02,Wilkerson Plc,1353,Individual determine performance let network interesting.,Nan,Failed,2023-10-02
Earbud Housing,55.14,1,704,"Oct 03, 2023","Lewis, Nelson And Anderson",1027,,Line B,Passed,2023-10-03
Battery,81.85,1,408,"Oct 04, 2023",Blevins-Lee,1953,,Nan,,2023-10-04
Wire,68.5,2,619,05/10/2023,Salinas-Jordan,1042,,Nan,Passed,2023-10-05
Pcb,73.18,1,690,06/10/2023,Smith-Williams,1680,,Line B,Passed,2023-10-06
Speaker,81.62,2,126,2023-10-07,Carter-Koch,1422,Occur indeed beyond again not.,Line D,Passed,2023-10-07
Cable,90.1,0,785,2023-10-08,Williams-Huang,1597,Concern letter stock.,Nan,,2023-10-08
Earbud Housing,40.42,2,661,2023-10-09,Dyer-Caldwell,1176,,Line C,Failded,2023-10-09
Microphone,43.8,2,298,10/10/2023,Barton Group,1528,Market difference drug feeling despite realize.,Line D,Failed,2023-10-10
Battery,18.46,3,486,2023-10-11,Jones Group,1609,,Line B,,2023-10-11
Microphone,62.05,2,448,12/10/2023,"Arnold, Perez And Hall",1965,Despite simple main.,Line D,Failed,2023-10-12
Speaker,13.23,2,792,2023-10-13,"Carrillo, Cunningham And Haynes",1493,,Line A,Failded,2023-10-13
Pcb,51.9,0,635,"Oct 14, 2023",Reese Llc,1197,,Line A,Passed,2023-10-14
Battery,58.84,3,927,2023-10-15,"Contreras, Castro And Miller",1609,,Nan,Failed,2023-10-15
Battery,35.79,4,477,"Oct 16, 2023","Preston, Allen And Hernandez",1576,,Nan,Passed,2023-10-16
Connector,63.17,0,998,17/10/2023,"Bonilla, Nash And Curry",1841,,Line C,Passed,2023-10-17
Cable,12.75,0,657,2023-10-18,Cruz Plc,1852,,Line D,,2023-10-18
Battery,13.36,4,626,19/10/2023,Fletcher Ltd,1516,,Line A,Failded,2023-10-19
Connector,84.03,2,252,20/10/2023,"Huang, Miller And Kelly",1513,,Nan,,2023-10-20
Connector,42.42,1,833,21/10/2023,"Johnson, Wang And Gordon",1021,,Line D,,2023-10-21
Speaker,21.44,3,305,"Oct 22, 2023",Ramos-Wood,1111,Agency security move wonder professional painting business.,Nan,,2023-10-22
Chipset,57.0,1,554,23/10/2023,Mendoza Llc,1056,,Nan,Passed,2023-10-23
Microphone,79.3,4,372,2023-10-24,"Bishop, Stewart And Boone",1065,Today agent believe pattern left body message sea.,Line A,Passed,2023-10-24
Pcb,29.42,0,993,2023-10-25,Walton-Jones,1841,,Line A,,2023-10-25
Charger,66.06,0,335,"Oct 26, 2023",Johnson Llc,1097,,Nan,Passed,2023-10-26
Microphone,17.68,3,951,2023-10-27,"Williams, Rodriguez And Rhodes",1143,,Line B,Failded,2023-10-27
Battery,14.65,0,839,"Oct 28, 2023",Ruiz Group,1879,,Nan,,2023-10-28
Pcb,57.82,0,620,29/10/2023,Ware-Smith,1434,,Nan,Passed,2023-10-29
Earbud Housing,58.66,3,777,30/10/2023,"Snyder, Cabrera And Mckinney",1636,Great success health design first your last.,Line C,Failed,2023-10-30
Chipset,67.37,3,930,"Oct 31, 2023","Gonzalez, King And Cardenas",1678,,Line C,,2023-10-31
Earbud Housing,75.35,4,825,2023-11-01,"Dawson, Leach And Ward",1085,,Line C,,2023-11-01
Earbud Housing,97.83,0,600,"Nov 02, 2023",Miller Group,1587,,Line B,Failded,2023-11-02
Cable,56.47,0,216,"Nov 03, 2023","Adams, Dudley And Brown",1343,,Line B,Passed,2023-11-03
Microphone,39.07,4,485,"Nov 04, 2023",Atkinson Group,1935,Black within will address like.,Nan,Passed,2023-11-04
Charger,81.57,2,443,"Nov 05, 2023","Rodriguez, Fisher And Watkins",1293,Response may network operation.,Line C,Failded,2023-11-05
Speaker,34.37,2,683,"Nov 06, 2023",Jensen-Cole,1955,Trial according information ability own tell serve.,Line B,Failded,2023-11-06
Charger,49.51,2,494,"Nov 07, 2023",Wilson Plc,1570,Score part my top.,Line A,Failded,2023-11-07
Earbud Housing,17.06,4,163,2023-11-08,"Horton, Holmes And Williams",1649,Answer could small also investment career letter.,Nan,Passed,2023-11-08
Battery,12.28,0,816,"Nov 09, 2023",Miller Ltd,1610,Listen firm poor describe.,Line D,Failded,2023-11-09
Chipset,96.64,4,820,"Nov 10, 2023","Williams, Lopez And Harvey",1703,Follow eye billion official evening record rock.,Nan,Passed,2023-11-10
Wire,85.24,4,171,11/11/2023,Gonzalez And Sons,1242,,Line D,,2023-11-11
Charger,72.64,2,888,"Nov 12, 2023","Ware, King And Hart",1830,Add age event big.,Line C,,2023-11-12
Earbud Housing,46.81,1,373,"Nov 13, 2023",Kramer Group,1560,,Line D,Failed,2023-11-13
Chipset,25.6,0,419,"Nov 14, 2023","Johnson, Harris And Thompson",1959,,Line C,Failed,2023-11-14
Pcb,24.08,2,437,"Nov 15, 2023","Ingram, Pierce And Stewart",1031,Consider be gun popular able again could.,Line A,,2023-11-15
Microphone,32.52,1,465,2023-11-16,Fleming Ltd,1390,,Line D,Passed,2023-11-16
Connector,59.43,1,594,2023-11-17,Grimes-Cruz,1276,,Nan,Passed,2023-11-17
Cable,74.31,3,706,18/11/2023,Miller Group,1531,,Line C,Passed,2023-11-18
Chipset,69.42,0,265,19/11/2023,Ross-Brock,1153,,Nan,Passed,2023-11-19
Battery,35.19,1,643,"Nov 20, 2023",Alexander Llc,1382,,Line B,Passed,2023-11-20
Battery,95.94,2,110,21/11/2023,Lopez Llc,1067,A read arm rock would.,Line C,Failded,2023-11-21
Chipset,76.41,3,400,2023-11-22,Fleming-Wilson,1877,,Line D,,2023-11-22
Battery,59.89,0,828,"Nov 23, 2023",Snyder Group,1883,Clearly product range two TV drug.,Line C,,2023-11-23
Microphone,65.05,4,900,24/11/2023,Taylor-Lowe,1213,,Nan,Passed,2023-11-24
Battery,47.76,2,201,"Nov 25, 2023",Mendoza Inc,1654,,Line A,Passed,2023-11-25
Charger,32.3,1,524,"Nov 26, 2023",Gill-Mitchell,1375,,Line C,Failed,2023-11-26
Connector,42.04,1,491,2023-11-27,"Blevins, Morrow And Calderon",1743,,Line D,Failed,2023-11-27
Battery,78.21,2,878,2023-11-28,Washington-Mueller,1212,,Line B,Passed,2023-11-28
Connector,11.3,1,313,29/11/2023,Gay-Roberts,1078,Their them ok season eight offer appear research.,Line A,Failed,2023-11-29
Earbud Housing,20.45,3,790,2023-11-30,Davis-Morgan,1725,,Line B,Passed,2023-11-30
Speaker,14.14,0,187,"Dec 01, 2023",Freeman-Rich,1627,,Line C,Passed,2023-12-01
Microphone,13.67,3,652,"Dec 02, 2023",Conway And Sons,1603,Shake feel week music financial partner.,Nan,Passed,2023-12-02
Speaker,86.99,1,500,2023-12-03,Harrison Plc,1781,,Nan,Failed,2023-12-03
Earbud Housing,73.33,4,687,04/12/2023,"Richards, Turner And Martinez",1922,,Line D,Passed,2023-12-04
Microphone,52.68,0,988,05/12/2023,"Williams, Davis And Jones",1380,Senior white dark option rule.,Nan,Passed,2023-12-05
Chipset,18.81,0,145,06/12/2023,"Hamilton, Beck And Rhodes",1679,Recently good sit put air through.,Line A,Failded,2023-12-06
Chipset,54.25,2,771,2023-12-07,"Martinez, Williamson And Flores",1057,,Nan,Failded,2023-12-07
Connector,52.61,2,562,"Dec 08, 2023",Lopez Ltd,1795,,Line D,Passed,2023-12-08
Earbud Housing,25.59,4,691,09/12/2023,Jenkins Llc,1025,Side seek leave challenge ten run with someone.,Line C,Passed,2023-12-09
Connector,49.05,0,409,2023-12-10,Bell-White,1880,On president back.,Line C,,2023-12-10
Cable,45.87,4,185,"Dec 11, 2023",Williams-Hughes,1446,,Nan,,2023-12-11
Battery,65.43,2,191,2023-12-12,Weber-Lewis,1065,,Line B,Passed,2023-12-12
Wire,67.16,2,759,2023-12-13,Miller Inc,1920,,Line C,Passed,2023-12-13
Cable,14.08,0,772,2023-12-14,Owen-Middleton,1759,Sense none tell Congress.,Nan,Passed,2023-12-14
Battery,43.72,3,813,2023-12-15,Buchanan-Mcconnell,1253,Coach water goal western the clear however woman.,Line D,Passed,2023-12-15
Microphone,66.33,1,341,16/12/2023,"Simmons, Hernandez And Baker",1898,Whole professional majority social process.,Nan,Failded,2023-12-16
Connector,55.28,2,964,2023-12-17,Ross-Moore,1967,,Line C,Passed,2023-12-17
Microphone,87.08,2,101,"Dec 18, 2023",Becker And Sons,1043,,Line D,Passed,2023-12-18
Microphone,69.28,3,324,19/12/2023,Dunn Llc,1096,,Nan,Failed,2023-12-19
Battery,24.66,3,900,2023-12-20,Burns-Hayes,1553,,Line A,Passed,2023-12-20
Earbud Housing,16.35,4,844,2023-12-21,Decker-Brock,1226,Range writer trip.,Line D,Passed,2023-12-21
Battery,67.82,4,688,"Dec 22, 2023",Hill Plc,1773,,Line A,Failed,2023-12-22
Pcb,12.39,1,215,2023-12-23,"Savage, Navarro And Gay",1678,Capital suggest remain clear drive community.,Line B,,2023-12-23
Chipset,62.72,1,765,24/12/2023,"Lewis, Dixon And Brennan",1435,,Line D,Passed,2023-12-24
Chipset,94.62,0,202,"Dec 25, 2023",Clark-Williams,1790,,Line A,Passed,2023-12-25
Cable,61.79,4,293,2023-12-26,Pearson-Torres,1600,Hair want about by change television.,Line C,Failed,2023-12-26
Chipset,44.94,2,265,27/12/2023,Morales Llc,1378,,Line C,Passed,2023-12-27
Battery,67.9,4,970,2023-12-28,Edwards Plc,1177,,Line B,Passed,2023-12-28
Charger,51.24,2,189,2023-12-29,"Mendoza, Arnold And Fletcher",1426,Certain produce week explain however million blue.,Line D,,2023-12-29
Connector,59.11,3,785,30/12/2023,Wilson-Coleman,1914,Member PM arm subject.,Line D,Passed,2023-12-30
Battery,94.73,4,221,2023-12-31,"Barr, Sanford And Harrison",1708,,Line D,,2023-12-31
Battery,44.75,3,242,2024-01-01,Schaefer-Willis,1306,,Line B,Failded,2024-01-01
Wire,96.51,1,205,02/01/2024,Garcia Inc,1778,Own could social develop ten all.,Line D,Failded,2024-01-02
Connector,91.48,1,986,2024-01-03,Schroeder Plc,1503,Wait lead significant citizen wide challenge.,Line C,,2024-01-03
Pcb,27.62,0,527,2024-01-04,"Lloyd, Jackson And Mahoney",1267,,Line A,Passed,2024-01-04
Chipset,16.24,4,404,05/01/2024,Freeman-Nelson,1585,,Line C,Passed,2024-01-05
Connector,19.07,3,971,"Jan 06, 2024",Lewis-Phelps,1007,,Line C,Passed,2024-01-06
Chipset,11.64,2,416,2024-01-07,"Austin, Sheppard And Harvey",1919,,Line A,Failded,2024-01-07
Cable,18.5,1,734,2024-01-08,Hernandez Group,1507,Director cold report life majority rate reason kind.,Line C,,2024-01-08
Connector,71.47,1,108,09/01/2024,Buchanan-Roberts,1475,,Line B,Passed,2024-01-09
Chipset,16.41,2,873,"Jan 10, 2024",Hoffman-Chen,1296,,Line A,Passed,2024-01-10
Pcb,38.71,3,172,"Jan 11, 2024",Graham-Robinson,1163,Child study activity significant spend kid.,Line C,Passed,2024-01-11
Speaker,86.04,3,458,"Jan 12, 2024",Powell-Hale,1484,,Nan,Failed,2024-01-12
Microphone,12.09,4,322,13/01/2024,Gill-Hunt,1596,Affect meet now write four actually social.,Line C,Failded,2024-01-13
Microphone,83.3,4,515,"Jan 14, 2024","Garrett, Travis And Perkins",1071,Require pay animal family standard card indeed.,Line B,Failded,2024-01-14
Pcb,35.37,0,652,2024-01-15,Cruz-Daniel,1566,Option at check produce sell radio society.,Line D,Failed,2024-01-15
Wire,20.63,1,469,16/01/2024,Matthews Inc,1904,Fish there rate east Mr fact.,Line C,Passed,2024-01-16
Speaker,72.71,4,815,"Jan 17, 2024","Watts, Davis And Green",1558,Carry difference simply.,Line D,Passed,2024-01-17
Cable,66.6,3,363,2024-01-18,Harper Llc,1910,,Nan,Passed,2024-01-18
Pcb,88.97,2,939,2024-01-19,Mitchell Ltd,1943,,Line C,Failded,2024-01-19
Microphone,76.16,3,789,2024-01-20,"Fisher, Freeman And Ray",1237,,Line A,Passed,2024-01-20
Microphone,82.31,1,959,21/01/2024,Jacobson Plc,1103,Probably early data computer material.,Line D,Failed,2024-01-21
Microphone,35.38,3,417,"Jan 22, 2024",Williams-Roberts,1209,,Nan,Passed,2024-01-22
Earbud Housing,25.97,0,183,23/01/2024,"Dennis, King And Cameron",1553,Somebody seven prevent car public fire.,Line A,Failed,2024-01-23
Pcb,77.56,1,417,"Jan 24, 2024",Williams-Frazier,1827,Thing matter agent floor keep shoulder.,Line A,,2024-01-24
Battery,82.62,2,210,25/01/2024,Roy-Hale,1467,,Line A,Failded,2024-01-25
Cable,99.15,0,350,"Jan 26, 2024",Yang-Simon,1453,,Line A,Passed,2024-01-26
Microphone,47.14,1,482,"Jan 27, 2024",Hernandez Group,1267,,Line C,,2024-01-27
Chipset,43.48,2,106,2024-01-28,Ray-Russell,1385,,Line C,Passed,2024-01-28
Pcb,79.88,0,558,"Jan 29, 2024",Suarez Group,1774,Significant floor great field factor direction perhaps.,Line C,Passed,2024-01-29
Earbud Housing,40.67,0,183,30/01/2024,Schultz-Cole,1847,,Nan,Passed,2024-01-30
Pcb,93.77,1,307,"Jan 31, 2024",Beck Plc,1386,Doctor hand down stop model production skill.,Nan,Passed,2024-01-31
Cable,87.26,4,999,"Feb 01, 2024",Walters Ltd,1876,Small score who bit something.,Nan,Passed,2024-02-01
Earbud Housing,48.61,0,489,"Feb 02, 2024",Hill Group,1258,,Line B,,2024-02-02
Cable,77.58,0,413,03/02/2024,Richardson Inc,1282,,Nan,Passed,2024-02-03
Pcb,77.91,2,121,"Feb 04, 2024","Santos, Mendoza And Espinoza",1625,,Line C,,2024-02-04
Battery,19.28,3,509,"Feb 05, 2024","Davis, Grant And Wilson",1874,Eight position protect natural picture line.,Line C,Passed,2024-02-05
Cable,91.23,1,994,2024-02-06,"Abbott, Castro And Bentley",1039,Recently move easy through.,Line B,,2024-02-06
Earbud Housing,55.47,1,614,2024-02-07,"Benson, Keller And Cook",1485,,Line B,Passed,2024-02-07
Earbud Housing,84.38,4,226,"Feb 08, 2024",Arnold Llc,1928,,Nan,Passed,2024-02-08
Cable,38.8,4,908,09/02/2024,Brown Llc,1219,,Line D,Failded,2024-02-09
Charger,90.6,1,799,"Feb 10, 2024",West-Scott,1128,Economic opportunity nice time mention deep.,Line B,Passed,2024-02-10
Pcb,45.03,4,973,11/02/2024,Mitchell Inc,1519,,Line A,Passed,2024-02-11
Charger,10.98,2,113,12/02/2024,"Campos, Hancock And Garner",1612,Evening character door fact yourself method himself.,Line C,Failed,2024-02-12
Wire,91.48,1,111,"Feb 13, 2024",Murphy-Rodriguez,1927,Yard hear ask government spend student control person.,Line A,Passed,2024-02-13
Pcb,18.22,4,186,"Feb 14, 2024",Arnold Group,1891,,Line C,Failded,2024-02-14
Cable,38.74,1,623,"Feb 15, 2024","Hawkins, Warren And Cole",1687,,Line C,Failded,2024-02-15
Speaker,95.51,3,636,16/02/2024,"Powell, Clark And Young",1618,,Line B,Failded,2024-02-16
Cable,95.55,0,400,17/02/2024,Schneider Plc,1612,Size but indeed analysis machine control.,Line B,Failed,2024-02-17
Charger,61.61,1,342,18/02/2024,White-Fuller,1259,,Line A,Passed,2024-02-18
Battery,66.87,0,221,19/02/2024,Rodriguez-Gutierrez,1989,,Line C,Passed,2024-02-19
Cable,50.36,4,246,2024-02-20,Roberson Group,1965,,Line A,,2024-02-20
Cable,36.39,0,666,2024-02-21,King-Joseph,1365,,Line D,Passed,2024-02-21
Battery,39.58,1,849,"Feb 22, 2024",Fisher Llc,1757,,Line A,Failed,2024-02-22
Cable,70.53,3,455,23/02/2024,"Hamilton, Baldwin And Wood",1786,They resource skill spend option.,Nan,Passed,2024-02-23
Microphone,77.71,4,784,"Feb 24, 2024",Evans And Sons,1543,Finish kid must per defense service.,Line A,Passed,2024-02-24
Speaker,81.24,1,832,"Feb 25, 2024",Johnson-Jarvis,1648,Him toward little project simply this answer production.,Nan,Failed,2024-02-25
Chipset,81.07,4,730,"Feb 26, 2024","Murphy, Davis And Hill",1523,,Nan,Failded,2024-02-26
Speaker,18.21,2,408,2024-02-27,Hensley-Myers,1906,,Nan,Failded,2024-02-27
Cable,54.5,0,794,28/02/2024,Rhodes-Taylor,1813,Run social war similar television impact ground.,Line D,Passed,2024-02-28
Microphone,15.18,2,387,2024-02-29,Koch Group,1886,,Line A,Passed,2024-02-29
Pcb,59.46,1,406,"Mar 01, 2024",Johnson-Nguyen,1015,,Line A,Failded,2024-03-01
Cable,49.74,3,911,"Mar 02, 2024",Campos Inc,1128,,Line D,,2024-03-02
Charger,89.89,4,693,2024-03-03,Jackson-Riley,1574,,Line C,Passed,2024-03-03
Microphone,41.58,0,822,2024-03-04,Shelton-Gill,1108,,Line B,,2024-03-04
Battery,20.54,4,761,2024-03-05,Mccoy Group,1886,,Line A,Passed,2024-03-05
Microphone,22.87,1,648,06/03/2024,"Pineda, Richardson And Perez",1532,,Line B,Failded,2024-03-06
Battery,78.54,4,451,"Mar 07, 2024",Hardin Ltd,1669,,Line D,Passed,2024-03-07
Wire,65.64,0,411,"Mar 08, 2024",Barnett And Sons,1268,,Line C,Passed,2024-03-08
Chipset,19.1,1,972,09/03/2024,Jackson-Ramirez,1161,,Line C,,2024-03-09
Connector,17.57,4,158,10/03/2024,Murray Llc,1259,Professional law dream understand Republican.,Line C,Passed,2024-03-10
Microphone,73.09,3,742,11/03/2024,Rivera-Sampson,1923,,Line D,Failded,2024-03-11
Earbud Housing,16.55,1,813,12/03/2024,James-Medina,1101,Under arm if agency total end role.,Nan,,2024-03-12
Charger,83.97,1,854,2024-03-13,"Petty, Goodwin And Cook",1505,,Nan,Passed,2024-03-13
Cable,73.56,3,134,2024-03-14,"Patel, Nguyen And Kim",1734,National once generation top.,Line B,Passed,2024-03-14
Charger,17.32,2,544,2024-03-15,Curtis-Rowland,1570,,Nan,Failed,2024-03-15
Speaker,17.64,0,192,"Mar 16, 2024",Hubbard-Sanders,1246,Maybe remember once just.,Nan,Passed,2024-03-16
Connector,98.8,2,306,"Mar 17, 2024",Shannon Group,1639,,Line C,Passed,2024-03-17
Speaker,43.68,4,452,2024-03-18,Morales-Smith,1794,,Line C,,2024-03-18
Wire,43.36,3,431,"Mar 19, 2024","Berg, Lopez And Parsons",1836,,Line B,Passed,2024-03-19
Connector,83.15,2,916,20/03/2024,Schultz Ltd,1536,Here ok indeed factor quite loss travel.,Line A,Failed,2024-03-20
Connector,95.25,1,961,"Mar 21, 2024","Hanson, Johns And Ellis",1130,,Line B,Failded,2024-03-21
Speaker,98.74,4,824,22/03/2024,Murray And Sons,1352,Million food such woman.,Line B,Passed,2024-03-22
Battery,77.8,4,258,2024-03-23,"Perez, Edwards And Diaz",1195,,Line D,,2024-03-23
Speaker,43.86,2,123,"Mar 24, 2024",Garcia And Sons,1792,,Line D,Failded,2024-03-24
Charger,17.52,2,503,25/03/2024,Davis Inc,1915,,Line B,Passed,2024-03-25
Battery,79.94,3,904,26/03/2024,"Walker, Wong And Harris",1929,,Line B,,2024-03-26
Charger,60.26,0,615,2024-03-27,Johnson-Morton,1665,Offer century us hot difficult today degree.,Line B,Failded,2024-03-27
Wire,48.18,2,831,"Mar 28, 2024",Franklin-Cooper,1381,,Nan,,2024-03-28
Cable,91.57,2,463,2024-03-29,Suarez-Manning,1644,Carry serious Republican daughter sometimes born deal.,Line D,Failed,2024-03-29
Pcb,20.01,1,481,2024-03-30,Roberts-Young,1226,,Line B,Failed,2024-03-30
Battery,54.34,4,631,"Mar 31, 2024",Marquez And Sons,1700,Next it final firm future science talk.,Line C,Passed,2024-03-31
Wire,11.02,0,251,"Apr 01, 2024",Adams-Fox,1475,,Line C,Passed,2024-04-01
Earbud Housing,52.18,1,661,"Apr 02, 2024",Oliver Llc,1476,,Nan,Failed,2024-04-02
Wire,15.07,3,788,03/04/2024,Edwards Plc,1264,,Nan,,2024-04-03
Speaker,20.69,3,707,2024-04-04,Butler-Daniel,1371,,Line A,Failed,2024-04-04
Speaker,20.58,2,716,05/04/2024,"Vega, Gonzalez And Ross",1485,,Line A,Passed,2024-04-05
Pcb,68.43,2,519,"Apr 06, 2024",Murphy-Lester,1433,,Line A,Failed,2024-04-06
Wire,77.14,3,349,2024-04-07,"Palmer, Garcia And Webster",1645,Face push arm answer produce cup standard.,Nan,Failed,2024-04-07
Chipset,62.5,2,216,08/04/2024,"Sutton, Brown And Edwards",1210,,Nan,,2024-04-08
Cable,96.6,0,965,2024-04-09,Daniels-Thompson,1571,,Nan,Failded,2024-04-09
Speaker,43.74,2,611,10/04/2024,"Black, Taylor And Palmer",1939,,Line C,Passed,2024-04-10
Pcb,35.71,4,839,"Apr 11, 2024",James Ltd,1376,Set large free.,Nan,,2024-04-11
Cable,88.17,2,677,2024-04-12,Arnold Inc,1394,,Line C,Failed,2024-04-12
Wire,30.12,1,434,13/04/2024,Padilla Group,1449,Project example rich simply laugh then north.,Line A,Failed,2024-04-13
Wire,96.69,0,517,"Apr 14, 2024","Grant, Barnes And Ashley",1942,,Line A,Failded,2024-04-14
Connector,11.09,1,873,15/04/2024,Holland Llc,1363,,Line A,Passed,2024-04-15
Pcb,97.29,1,394,16/04/2024,Rodriguez Group,1875,,Line B,Passed,2024-04-16
Speaker,13.88,4,854,2024-04-17,Bates Ltd,1456,,Line B,Passed,2024-04-17
Chipset,90.2,0,470,18/04/2024,Hamilton-Knight,1724,,Line D,Passed,2024-04-18
Wire,57.49,0,285,2024-04-19,"Taylor, Sampson And Bishop",1727,Sister person water present between.,Line D,Failded,2024-04-19
Chipset,99.37,0,345,20/04/2024,Sanders-Riley,1225,Military particularly board central.,Line D,Passed,2024-04-20
Wire,16.64,0,736,2024-04-21,Small-Johnston,1981,,Line B,Passed,2024-04-21
Speaker,59.85,0,367,22/04/2024,Snyder-Adams,1130,,Line B,Failed,2024-04-22
Cable,97.24,4,742,"Apr 23, 2024","Burns, White And Thomas",1587,Somebody yet message available try reason impact realize.,Line D,Failed,2024-04-23
Microphone,57.08,2,336,24/04/2024,"Griffin, Kelly And Schwartz",1475,,Line D,Passed,2024-04-24
Cable,66.65,1,629,2024-04-25,"Walker, Jimenez And Castro",1797,,Nan,Passed,2024-04-25
Wire,72.62,0,651,2024-04-26,Smith Ltd,1985,,Line D,Failed,2024-04-26
Charger,50.91,2,120,"Apr 27, 2024","Powell, Nielsen And Johnston",1276,Field suffer try audience city probably deep edge.,Nan,Failded,2024-04-27
Microphone,66.48,2,836,2024-04-28,Hernandez-Benson,1155,,Line C,Failed,2024-04-28
Microphone,62.59,1,966,2024-04-29,"Herman, Davis And Roberson",1759,Sometimes simply mother moment.,Line B,Failed,2024-04-29
Chipset,91.1,4,893,"Apr 30, 2024","Brown, Barker And Gomez",1217,Foot must father be measure nice.,Line D,Passed,2024-04-30
Pcb,14.09,3,619,2024-05-01,Perry Group,1189,,Line B,Passed,2024-05-01
Chipset,35.29,3,199,"May 02, 2024",Hoffman-Middleton,1416,,Line B,,2024-05-02
Chipset,95.54,2,851,"May 03, 2024","Gibson, Gould And Wilson",1980,Brother international easy two.,Line B,Failded,2024-05-03
Charger,90.12,1,577,2024-05-04,Torres-Chen,1674,,Line C,Passed,2024-05-04
Cable,51.01,3,698,"May 05, 2024",Peterson Inc,1691,,Line A,Passed,2024-05-05
Cable,65.81,2,397,2024-05-06,Stevenson Ltd,1545,Fund short success name.,Line D,Failded,2024-05-06
Earbud Housing,34.96,4,625,"May 07, 2024","Oconnor, Williams And Clark",1040,,Line A,Failded,2024-05-07
Wire,26.93,3,433,2024-05-08,"Fischer, Gonzales And Woods",1306,Ability interest discussion reveal imagine find.,Line A,Passed,2024-05-08
Charger,51.73,2,101,"May 09, 2024",James-Stevens,1942,,Line A,Failded,2024-05-09
Earbud Housing,41.8,2,474,"May 10, 2024",Torres Llc,1337,,Line B,Passed,2024-05-10
Speaker,62.53,0,392,2024-05-11,"Dillon, Chapman And Lopez",1313,Heart attack effort seem.,Nan,Failed,2024-05-11
Wire,17.0,4,936,"May 12, 2024",White And Sons,1074,Day nation manage size.,Line B,,2024-05-12
Wire,97.7,0,652,13/05/2024,"Clark, Johnson And Evans",1952,,Line B,Failed,2024-05-13
Connector,98.76,1,417,14/05/2024,Alexander-Lopez,1278,,Line A,Passed,2024-05-14
Connector,72.83,0,601,2024-05-15,"Hensley, Cox And Barber",1175,,Line B,Passed,2024-05-15
Battery,58.25,0,927,16/05/2024,Mckenzie-Cantu,1895,,Line A,Failed,2024-05-16
Battery,37.86,3,480,"May 17, 2024",Nguyen-Lin,1661,,Nan,Passed,2024-05-17
Chipset,83.24,2,722,18/05/2024,"Carter, Allen And Dixon",1272,,Line D,Passed,2024-05-18
Speaker,71.63,4,113,19/05/2024,Dillon Llc,1836,,Line A,Passed,2024-05-19
Microphone,24.64,0,603,2024-05-20,Phillips Plc,1619,Often fact economy leave future song.,Nan,Passed,2024-05-20
Microphone,91.98,4,330,21/05/2024,"Hawkins, Morris And Lambert",1650,Price big produce quickly.,Line D,Failded,2024-05-21
Connector,84.03,0,183,"May 22, 2024",Diaz Plc,1861,,Line C,Passed,2024-05-22
Connector,95.48,1,229,"May 23, 2024",Conley Plc,1782,,Line A,Failded,2024-05-23
Connector,75.31,0,842,2024-05-24,Crane-Orr,1858,,Line A,Failed,2024-05-24
Charger,65.21,3,937,"May 25, 2024","Gregory, Hanson And Sanchez",1930,,Line C,,2024-05-25
Pcb,47.64,2,244,"May 26, 2024",Chapman-Olsen,1288,,Line C,Failded,2024-05-26
Battery,93.95,1,990,2024-05-27,Gibson-Morgan,1723,,Line A,Passed,2024-05-27
Charger,87.95,0,956,"May 28, 2024","Burke, Hudson And Watkins",1892,,Line C,Passed,2024-05-28
Cable,14.07,4,127,"May 29, 2024","Cunningham, Hebert And Sanders",1271,,Line B,Failed,2024-05-29
Microphone,12.37,1,165,2024-05-30,Phillips Ltd,1929,,Line D,Passed,2024-05-30
Wire,43.88,1,262,"May 31, 2024",Tyler-Bright,1065,,Line D,Failed,2024-05-31
Battery,82.95,0,328,"Jun 01, 2024",Gutierrez Inc,1482,,Line D,,2024-06-01
Earbud Housing,98.85,1,360,"Jun 02, 2024","Lowe, Curtis And Armstrong",1935,Only task probably.,Line B,Passed,2024-06-02
Cable,23.54,4,548,03/06/2024,Wilson Llc,1247,,Line C,Passed,2024-06-03
Battery,63.47,1,523,"Jun 04, 2024","Thomas, Green And Blanchard",1155,,Nan,,2024-06-04
Charger,44.28,4,559,05/06/2024,"Hill, Mcintyre And Bright",1046,,Line C,Passed,2024-06-05
Speaker,97.29,0,775,"Jun 06, 2024",Watkins Group,1934,Visit card doctor head full.,Line A,Failded,2024-06-06
Wire,85.79,2,400,"Jun 07, 2024",Lutz Group,1453,The success suffer go me rise.,Line D,Failed,2024-06-07
Battery,85.45,1,402,"Jun 08, 2024","Garcia, Combs And Dunn",1200,Partner everybody partner opportunity action.,Line C,Passed,2024-06-08
Pcb,52.18,2,386,2024-06-09,"Rogers, Baker And Hernandez",1659,,Nan,,2024-06-09
Connector,47.33,4,494,"Jun 10, 2024",Phillips-Sanders,1123,,Line A,Failded,2024-06-10
Connector,34.61,1,109,2024-06-11,Williams Plc,1000,,Line B,Passed,2024-06-11
Wire,15.07,3,806,"Jun 12, 2024",Ho And Sons,1967,,Line B,Passed,2024-06-12
Charger,87.83,2,729,2024-06-13,Pratt-Adkins,1758,,Nan,,2024-06-13
Connector,83.16,1,369,2024-06-14,Bond And Sons,1854,,Line A,Failded,2024-06-14
Battery,99.97,2,691,"Jun 15, 2024",Richard Ltd,1639,,Line D,Passed,2024-06-15
Earbud Housing,99.7,1,704,"Jun 16, 2024",Smith-Peterson,1190,,Line C,Passed,2024-06-16
Microphone,59.99,0,877,17/06/2024,"Ortiz, Delgado And Tate",1578,,Line A,Failded,2024-06-17
Microphone,79.21,2,943,2024-06-18,Howard-Wilson,1515,Might great own improve.,Line B,Passed,2024-06-18
Cable,95.03,3,961,19/06/2024,Warner And Sons,1441,,Nan,Passed,2024-06-19
Chipset,86.47,3,460,"Jun 20, 2024",Caldwell Inc,1920,,Nan,Failed,2024-06-20
Speaker,32.26,4,356,2024-06-21,Munoz Group,1814,,Line C,Failded,2024-06-21
Wire,50.55,1,232,"Jun 22, 2024",Beck Inc,1805,,Nan,Passed,2024-06-22
Cable,21.62,2,375,2024-06-23,Gonzalez-Howard,1142,Certain you likely region.,Nan,,2024-06-23
Chipset,95.86,4,875,2024-06-24,Price-Hughes,1190,,Line A,Failed,2024-06-24
Charger,64.56,2,782,"Jun 25, 2024",Davis-Collier,1532,,Line D,Passed,2024-06-25
Pcb,30.58,1,612,2024-06-26,"Williams, Smith And Melendez",1226,,Line C,Failed,2024-06-26
Pcb,70.45,3,412,27/06/2024,"Young, Gay And Harrison",1312,Improve name financial writer claim miss they.,Line A,Failed,2024-06-27
Speaker,65.63,0,675,2024-06-28,"Wolf, Greene And White",1628,,Line D,Passed,2024-06-28
Connector,42.23,3,985,"Jun 29, 2024",Bell Inc,1948,Support near country may resource.,Line A,Failed,2024-06-29
Battery,20.22,4,383,"Jun 30, 2024","Nelson, Rodriguez And Fields",1301,,Line A,Passed,2024-06-30
Cable,70.44,0,220,"Jul 01, 2024","Robinson, Strickland And Carter",1653,,Nan,Failded,2024-07-01
Cable,56.83,4,206,"Jul 02, 2024",Lee Plc,1995,,Line D,Passed,2024-07-02
Wire,79.51,1,786,03/07/2024,"Morrow, Gordon And Pacheco",1459,,Line C,,2024-07-03
Wire,56.81,0,303,"Jul 04, 2024",Jefferson Inc,1400,Be interest whether north southern.,Line C,Passed,2024-07-04
Pcb,86.7,4,264,"Jul 05, 2024",Mccarthy-Cervantes,1550,Avoid prevent south kid air table however.,Line D,Failded,2024-07-05
Pcb,59.67,1,404,06/07/2024,Thompson Ltd,1392,,Nan,Failded,2024-07-06
Earbud Housing,60.48,3,596,07/07/2024,Johnson-Mason,1866,,Line B,,2024-07-07
Earbud Housing,88.9,1,731,2024-07-08,Duncan Inc,1763,,Line A,Passed,2024-07-08
Connector,46.31,2,655,09/07/2024,Merritt-Hawkins,1844,Travel remain interesting claim.,Nan,Passed,2024-07-09
Earbud Housing,22.06,1,923,10/07/2024,Moran Inc,1206,Short expect low world life expert than interesting.,Line D,Passed,2024-07-10
Battery,12.59,1,255,2024-07-11,Clark-Harris,1209,,Line A,Failed,2024-07-11
Battery,77.96,2,466,"Jul 12, 2024",Tran-Rogers,1114,,Line C,Passed,2024-07-12
Cable,65.83,4,818,2024-07-13,Johnson-Gibson,1736,,Line B,Failded,2024-07-13
Microphone,73.37,4,719,2024-07-14,"Schaefer, Woods And Barr",1645,They ever enjoy thing program through instead instead.,Line C,Passed,2024-07-14
Battery,29.17,1,350,15/07/2024,Smith-Gonzales,1250,Because personal deal claim worry also middle.,Line D,Passed,2024-07-15
Chipset,22.27,2,981,"Jul 16, 2024","Williams, Evans And Charles",1218,Way somebody anything happy.,Line A,Passed,2024-07-16
Pcb,11.31,2,433,"Jul 17, 2024",Mullen Llc,1406,,Line D,Passed,2024-07-17
Wire,41.55,3,741,"Jul 18, 2024",Williams-Morales,1442,Soldier reduce lawyer fact then.,Line A,Failed,2024-07-18
Earbud Housing,63.09,4,610,"Jul 19, 2024",Davis-Hopkins,1602,Chair good inside than land heart.,Nan,Failed,2024-07-19
Cable,45.3,0,392,20/07/2024,Ashley Ltd,1353,Right skin everyone each.,Line B,Failded,2024-07-20
Speaker,49.37,4,119,"Jul 21, 2024",Miller-Anderson,1887,,Nan,,2024-07-21
Wire,91.37,4,381,"Jul 22, 2024","Moses, Sanchez And Brown",1557,,Nan,Passed,2024-07-22
Chipset,41.34,3,896,23/07/2024,Nolan-Thompson,1549,,Line D,,2024-07-23
Earbud Housing,56.26,0,100,2024-07-24,Ballard Llc,1141,,Line B,Failded,2024-07-24
Chipset,80.53,3,218,25/07/2024,Ruiz Ltd,1611,,Line A,Passed,2024-07-25
Pcb,45.69,0,134,2024-07-26,"Hickman, Martin And Rice",1500,,Line A,Passed,2024-07-26
Pcb,65.99,1,297,"Jul 27, 2024",Vega Inc,1839,,Line C,,2024-07-27
Connector,87.61,0,584,28/07/2024,"Singh, Cole And Anderson",1701,System tell or strong picture Democrat sound.,Line A,Passed,2024-07-28
Cable,95.46,3,856,2024-07-29,"Hall, Mills And Williams",1546,,Line D,Failed,2024-07-29
Wire,23.24,4,158,2024-07-30,Watson-Turner,1658,,Nan,Passed,2024-07-30
Charger,93.39,0,936,31/07/2024,Morris-Rios,1541,,Nan,,2024-07-31
Charger,54.29,0,260,"Aug 01, 2024",Montgomery-Murillo,1845,American term nice meeting believe.,Nan,Failed,2024-08-01
Wire,33.24,2,790,"Aug 02, 2024",Humphrey-White,1506,,Line B,Passed,2024-08-02
Speaker,51.32,4,305,03/08/2024,Reid-House,1595,,Line A,Failed,2024-08-03
Cable,98.2,1,111,2024-08-04,Moore And Sons,1880,,Line D,Passed,2024-08-04
Chipset,54.34,3,589,2024-08-05,"Wong, Flores And Cordova",1280,,Line B,Passed,2024-08-05
Speaker,39.59,1,375,06/08/2024,"Harris, Wilson And Hernandez",1423,,Line C,Failed,2024-08-06
Microphone,67.01,4,792,"Aug 07, 2024","Black, Molina And Arias",1855,,Line D,Failed,2024-08-07
Wire,31.61,0,341,2024-08-08,Choi-Khan,1269,Public attention player total western economic.,Line D,Failed,2024-08-08
Chipset,16.83,0,315,09/08/2024,"Williams, Maxwell And Gray",1153,Both some person.,Line D,Passed,2024-08-09
Charger,21.6,4,350,10/08/2024,Morales Llc,1613,Them whole perform look choice drug interest.,Nan,Failded,2024-08-10
Battery,21.52,0,910,2024-08-11,"Welch, Dixon And Yates",1726,Safe make war serious talk.,Line D,Passed,2024-08-11
Connector,23.67,0,225,12/08/2024,Harrison-Morales,1661,,Line A,,2024-08-12
Charger,22.49,0,316,13/08/2024,Rhodes Inc,1943,,Line D,Passed,2024-08-13
Cable,67.68,3,405,2024-08-14,Smith And Sons,1082,Indeed record thus language.,Nan,Failed,2024-08-14
Pcb,26.37,3,896,2024-08-15,Freeman-Saunders,1621,Beautiful other use near authority situation.,Line D,Passed,2024-08-15
Battery,41.11,2,284,2024-08-16,Young Inc,1946,Successful stuff doctor degree boy.,Line C,Passed,2024-08-16
Connector,90.71,1,138,2024-08-17,Nguyen Plc,1898,,Line C,Passed,2024-08-17
Connector,52.66,4,322,2024-08-18,"Miller, Myers And Peterson",1425,Fine personal manager yet heavy traditional.,Nan,Failed,2024-08-18
Microphone,70.08,4,283,19/08/2024,"Taylor, Monroe And Woodard",1274,Else leg without outside society and until.,Line A,Passed,2024-08-19
Microphone,25.51,4,594,"Aug 20, 2024",Hill Ltd,1712,Factor camera member newspaper want.,Line A,Passed,2024-08-20
Earbud Housing,27.31,2,526,"Aug 21, 2024",Williams Llc,1283,,Line B,,2024-08-21
Charger,13.68,3,277,2024-08-22,Fisher-Garcia,1979,,Nan,Passed,2024-08-22
