Part,Cost_Per_Unit,Wastage_Percentage,Quantity_Produced,Date,Supplier,Batch_Number,Notes,Production_Line,Inspection_Status
PCB,43.71,4,809,2023-01-01,Clarke Ltd,1601,,nan,Failded
Earbud Housing,95.56,1,906,02/01/2023,Smith PLC,1313,Money decision just across no.,Line A,
Microphone,75.88,3,539,2023-01-03,Smith-Wright,1565,Knowledge sound less scene final.,Line C,Failed
PCB,63.88,1,418,"Jan 04, 2023",Walsh Ltd,1011,Father well set remain result.,LiNe D,
Microphone,24.04,4,401,"Jan 05, 2023","Ruiz, Edwards and Farmer",1208,,Line A,
Microphone,24.04,4,401,"Jan 05, 2023","Ruiz, Edwards and Farmer",1208,,Line A,
Charger,15.23,0,110,2023-01-07,Franklin-Golden,1013,,Line C,Passed
PCB,87.96,4,161,2023-01-08,Acosta and Sons,1632,,LiNe D,Failded
Wire,64.1,0,944,"Jan 09, 2023","Thomas, Beasley and Robinson",1417,,nan,Failed
Battery,73.73,3,325,2023-01-10,Jones Group,1436,Scientist camera see even alone.,nan,Passed 
Cable,11.85,1,252,"Jan 11, 2023","Obrien, Fischer and Foster",1376,,LiNe D,Passed
Speaker,97.29,1,810,2023-01-12,"Solomon, Oneill and Foster",1019,It campaign enjoy push away energy.,Line A,Passed 
PCB,84.92,0,663,2023-01-13,"Coleman, Parsons and Boone",1586,Husband clearly on heart effort community million.,Line A,Passed
Wire,29.11,1,871,"Jan 14, 2023",Martinez PLC,1911,,Line A,Failded
Earbud Housing,26.36,4,670,2023-01-15,Barron Ltd,1754,Task moment with always.,LiNe D,Failded
Cable,26.51,2,683,16/01/2023,"Murphy, Hendricks and Morrison",1734,,Line A,
Earbud Housing,37.38,0,759,17/01/2023,Meyer LLC,1069,,Line C,Passed 
Battery,57.23,1,960,"Jan 18, 2023","Schwartz, Cannon and Tran",1823,Teacher ability themselves kid challenge data.,nan,Passed
Speaker,48.88,0,674,2023-01-19,Richmond LLC,1210,,Line C,Failded
PCB,36.21,0,409,20/01/2023,Alvarez and Sons,1100,While no system.,Line A,Failed
PCB,65.07,2,984,"Jan 21, 2023","Lawson, King and Roberts",1697,Particular far quality significant.,Line C,Failded
Charger,22.55,4,342,"Jan 22, 2023",Mcfarland PLC,1131,,Line A,Failed
Charger,36.29,0,592,23/01/2023,Knox-Harris,1622,,LiNe D,Passed
Battery,42.97,1,465,"Jan 24, 2023",Wu-Gordon,1380,,Line C,Failded
Battery,51.05,3,429,2023-01-25,Lane Ltd,1131,,LiNe D,Failded
Speaker,80.67,0,206,2023-01-26,Grant PLC,1019,Young American ok since.,LiNe D,Passed
Charger,27.97,0,325,"Jan 27, 2023",Richardson-Porter,1905,Wind whatever personal table.,Line B ,Failded
Wire,56.28,2,924,2023-01-28,Castillo-Bailey,1535,,Line A,Failed
Wire,63.32,4,317,2023-01-29,Moore-Hicks,1226,,nan,Failded
Speaker,14.18,3,852,30/01/2023,Erickson Inc,1153,,Line A,Passed 
Wire,64.68,1,605,31/01/2023,"White, Wright and Randall",1804,,nan,
Connector,25.35,3,358,01/02/2023,"Green, Murray and Sanders",1741,,Line A,Failed
Microphone,15.85,1,987,"Feb 02, 2023","Perez, Kennedy and Palmer",1468,,LiNe D,Passed 
Speaker,95.4,4,873,2023-02-03,"Gonzales, Bailey and Deleon",1821,,Line C,Passed
Speaker,96.91,1,616,"Feb 04, 2023","Peterson, Wong and Thompson",1999,Ever surface cause adult article set.,Line C,Failed
Chipset,82.76,2,872,05/02/2023,"Perez, Gray and Klein",1870,Character ahead language.,Line B ,
Cable,37.42,2,153,06/02/2023,Martinez-Ferguson,1404,,nan,
Cable,18.79,2,146,"Feb 07, 2023",Jones-Hahn,1201,,nan,Passed
Connector,71.58,2,826,2023-02-08,Daniel Ltd,1037,There them majority firm several become adult poor.,nan,Passed
Charger,49.61,3,788,2023-02-09,"Wyatt, Allison and Fitzpatrick",1941,Nor lead those over.,LiNe D,Failed
Battery,20.98,4,620,10/02/2023,Moss PLC,1771,,nan,Failded
Battery,54.57,1,198,2023-02-11,Nash-Middleton,1187,Speak talk or country interesting set.,Line C,Passed
Earbud Housing,13.09,1,119,12/02/2023,Hopkins LLC,1056,Thank station partner candidate chance election ready.,LiNe D,Failded
Connector,91.84,2,989,2023-02-13,Rogers Inc,1940,,Line A,Passed 
Speaker,33.29,2,852,2023-02-14,Jackson Inc,1019,According here teacher treatment claim challenge even.,nan,
Connector,69.63,0,672,15/02/2023,Chandler Group,1272,Though effort kid instead ask treat story offer.,nan,Failded
Connector,38.05,4,990,16/02/2023,Schaefer-Moore,1118,,Line A,
Connector,56.81,3,589,"Feb 17, 2023","Hawkins, Perez and Allen",1582,,nan,Failded
Cable,59.2,1,518,2023-02-18,"Brady, Lewis and Cruz",1515,,Line A,Passed 
Connector,26.64,0,789,"Feb 19, 2023",Carlson-Marshall,1220,Certain whose often whether.,LiNe D,Passed
Microphone,,0,949,2023-02-20,Johnson-Hall,1525,,Line C,Passed 
Battery,79.76,1,161,2023-02-21,"Lang, Jacobs and Cannon",1514,Deal tell whatever challenge hair environmental politics do.,Line A,Passed
Earbud Housing,94.55,3,244,2023-02-22,Carlson LLC,1727,Issue scene trial man model reduce.,Line B ,Passed
Microphone,90.53,0,315,23/02/2023,Pierce LLC,1740,Class tax these among fill mother.,Line A,
Earbud Housing,63.81,0,102,2023-02-24,Cline LLC,1335,,nan,Passed 
Chipset,92.97,4,259,2023-02-25,"Young, Fields and Lopez",1697,,LiNe D,Failded
Earbud Housing,17.96,3,838,26/02/2023,Nelson Inc,1054,,LiNe D,Passed 
Battery,27.64,0,880,2023-02-27,Mckinney-Meyer,1499,,Line A,
Battery,14.07,3,219,28/02/2023,Hartman Ltd,1899,,Line C,Passed
Connector,39.28,1,992,2023-03-01,Ewing Ltd,1887,,Line B ,
PCB,44.98,2,188,"Mar 02, 2023",Pineda Group,1765,,LiNe D,Failed
Chipset,34.42,0,428,"Mar 03, 2023",Adams and Sons,1535,,nan,Failed
Speaker,84.59,4,679,"Mar 04, 2023",Leon-Curtis,1161,,nan,Failded
Wire,42.11,1,456,2023-03-05,"Patton, Huynh and Patrick",1669,Thousand knowledge inside sense administration sit pressure.,Line C,
Earbud Housing,35.28,3,709,2023-03-06,Ford Ltd,1593,,LiNe D,Failded
PCB,58.84,1,366,07/03/2023,Vasquez-Rodriguez,1914,,Line A,Failded
Connector,22.68,0,716,"Mar 08, 2023",Brady-Howard,1158,,nan,Failed
Cable,82.2,3,422,"Mar 09, 2023","Gonzalez, Wong and Price",1187,Face actually son none.,Line C,Failded
Speaker,16.71,2,734,2023-03-10,Anthony PLC,1059,Money major what toward control surface under.,LiNe D,Failed
Charger,98.82,1,640,"Mar 11, 2023","Sanchez, Crawford and Chavez",1914,Traditional quickly natural condition history.,LiNe D,Passed
PCB,79.5,0,748,"Mar 12, 2023","White, Jones and Holmes",1816,,LiNe D,
Cable,27.88,4,294,13/03/2023,Hawkins Inc,1318,,LiNe D,Failded
Chipset,10.5,3,837,"Mar 14, 2023","Carson, Sullivan and Mason",1877,,LiNe D,Failed
Connector,83.39,1,431,"Mar 15, 2023","Barrera, Cordova and Taylor",1210,,nan,Passed 
Speaker,73.62,1,269,2023-03-16,"Smith, Espinoza and Powell",1405,Like listen within yard hot talk.,Line C,Failded
Speaker,75.61,2,620,"Mar 17, 2023",Warner LLC,1663,Somebody kitchen subject provide.,LiNe D,Passed
Speaker,79.41,2,562,18/03/2023,"Henderson, Hendricks and Khan",1108,,Line B ,Passed
Chipset,16.66,4,139,2023-03-19,Lee-Wells,1075,,Line B ,Passed 
Earbud Housing,42.26,4,636,2023-03-20,Brown-Chandler,1541,,Line C,Failed
Charger,20.43,0,360,2023-03-21,Kramer-Harris,1313,Sing learn talk must pretty.,Line A,Failded
Chipset,87.68,0,494,2023-03-22,"Green, Hill and Wells",1997,,Line A,Failed
Wire,66.1,4,325,"Mar 23, 2023",Morris-Wyatt,1116,,Line A,Passed
Charger,39.78,4,223,"Mar 24, 2023",Jackson Group,1926,Accept force decision shake.,Line B ,Failed
Battery,15.72,3,137,2023-03-25,"Moore, Abbott and Hunter",1867,,Line A,Passed
Connector,37.99,2,427,2023-03-26,"Mccullough, Aguilar and Rogers",1703,,nan,Failed
Chipset,39.27,0,350,2023-03-27,"Garcia, Richmond and Lloyd",1018,,LiNe D,Passed 
Cable,75.66,2,275,2023-03-28,"Marquez, Baker and Giles",1431,,Line B ,
Charger,67.38,2,701,2023-03-29,Clark-Henry,1684,,Line C,Passed 
Wire,89.85,4,553,2023-03-30,"Ramirez, Hanson and Burton",1739,Nearly Mrs civil management issue piece which.,Line C,Passed 
Battery,52.5,3,136,2023-03-31,"Diaz, Lawson and Goodwin",1349,Walk some get professor big kind particularly fact.,LiNe D,
Earbud Housing,20.76,1,415,"Apr 01, 2023","Mejia, Brown and Potter",1182,Ready even protect board visit where discuss.,Line B ,
Cable,74.19,3,787,02/04/2023,"Cooper, Garcia and Berry",1112,,Line A,Failded
Charger,78.47,3,895,2023-04-03,"Price, Gross and Khan",1182,,Line A,Failded
Connector,60.51,2,692,04/04/2023,"Ramirez, Burns and Hicks",1480,,nan,Passed 
Cable,79.39,3,213,"Apr 05, 2023",Davis Ltd,1145,,nan,Passed 
Battery,54.44,0,139,"Apr 06, 2023",Johnson Inc,1830,,Line A,Passed
Cable,57.05,2,400,"Apr 07, 2023",Carroll-Reynolds,1627,,Line C,Passed
Microphone,48.48,0,323,2023-04-08,Good Inc,1112,,Line C,Failded
PCB,12.29,1,417,"Apr 09, 2023","Cook, Barnett and Russell",1762,,nan,Failded
Earbud Housing,19.71,2,448,"Apr 10, 2023","Lopez, French and James",1475,Enough personal standard gun century six cup person.,LiNe D,Passed
Battery,12.83,1,214,2023/15/05,Alvarez Group,1762,Human when fine race bag.,Line A,Passed
Cable,67.28,2,797,"Apr 12, 2023","Wallace, Miller and Miller",1302,,nan,Failed
PCB,38.29,4,422,2023-04-13,"Romero, Griffith and Thompson",1970,,nan,Failed
PCB,55.77,3,667,"Apr 14, 2023",Strickland-Martinez,1824,,Line A,Passed
Cable,91.68,4,139,2023-04-15,"Brown, Small and Daniel",1117,Involve plan they bring former age himself.,Line A,Failed
Connector,32.44,1,965,2023-04-16,"Swanson, Avery and Newton",1812,,Line C,
Microphone,46.93,3,139,"Apr 17, 2023",Mann Ltd,1160,Middle surface miss investment.,LiNe D,Failded
Chipset,78.0,2,958,2023-04-18,Novak LLC,1400,,LiNe D,Failded
Microphone,30.59,3,848,2023-04-19,"Conrad, Baker and Hughes",1197,,Line A,Passed
Cable,16.93,0,388,"Apr 20, 2023","Davis, Smith and Mckinney",1259,,Line B ,Passed 
Earbud Housing,36.08,3,361,2023-04-21,Clark Inc,1659,Church chair career ever realize all.,nan,Passed
Chipset,24.51,0,315,"Apr 22, 2023",Ayers Inc,1751,Career win old responsibility past arm become.,nan,Failed
Battery,93.67,3,246,"Apr 23, 2023","Brandt, Yates and Kim",1046,,Line A,Passed 
Microphone,82.73,0,435,"Apr 24, 2023","Holmes, Reed and Rowe",1986,Close early south leg only well decide gun.,Line B ,Failed
Cable,67.01,1,267,25/04/2023,Johnson-Castro,1398,,Line C,
Microphone,88.43,4,191,"Apr 26, 2023",Jordan-Wood,1709,Quickly ready red traditional.,Line A,Failed
Chipset,82.33,2,452,27/04/2023,Roberts LLC,1558,Himself body money office right near.,Line A,
Wire,26.79,3,670,2023-04-28,"Kim, Hart and Adams",1077,Ask month human southern resource author so.,nan,
Charger,90.33,4,670,2023-04-29,Turner-Lee,1123,,Line A,Failed
Microphone,58.54,2,915,2023-04-30,White-Thompson,1074,Leave across story.,Line A,Failed
Battery,82.67,2,780,"May 01, 2023",Vasquez Inc,1870,,Line A,
Battery,90.65,0,880,"May 02, 2023",Dean-Perez,1136,,nan,Passed 
Speaker,38.62,1,462,03/05/2023,Luna Group,1601,,Line C,
Microphone,19.9,1,656,04/05/2023,"Garza, Bentley and Jackson",1399,Poor approach positive stuff small certain report.,Line C,Failded
Charger,30.51,4,444,2023-05-05,Orozco Group,1836,,Line A,
Connector,48.44,1,792,2023-05-06,Smith and Sons,1504,Stage reflect bring hand.,nan,Passed 
PCB,83.62,3,269,2023-05-07,Barnes-Simmons,1499,,Line C,Failded
Charger,87.47,1,455,"May 08, 2023","Johnson, Sparks and Fitzgerald",1572,Up understand often issue foreign.,Line C,Passed
PCB,10.63,4,290,09/05/2023,Lynch PLC,1137,,Line C,Passed
PCB,55.97,1,766,10/05/2023,"Miranda, Richards and Gaines",1049,Window skill sport simple place bill discussion fast.,nan,Passed 
Wire,47.57,3,521,2023-05-11,"Jackson, Barker and Martin",1770,Reality fact animal physical letter seat human.,nan,
Speaker,29.99,0,799,"May 12, 2023",Gibson-Leblanc,1972,Line have individual offer six nearly always.,Line A,Failed
Charger,20.79,4,106,"May 13, 2023",Williams-Porter,1618,,LiNe D,Passed 
Charger,40.39,0,232,"May 14, 2023",White Group,1624,,Line C,Failded
Wire,94.86,0,846,"May 15, 2023","Young, Perez and Green",1861,Conference billion light per TV.,LiNe D,Failded
Microphone,39.09,0,656,16/05/2023,Smith-Vega,1253,Current career opportunity ball PM realize voice send.,nan,Passed
Microphone,56.69,2,925,"May 17, 2023","Webb, Sullivan and Taylor",1629,,nan,Failded
Microphone,73.27,2,860,18/05/2023,Small Ltd,1709,Must environmental this tend enter.,nan,Passed 
Earbud Housing,42.73,0,130,19/05/2023,Torres PLC,1848,Build trip likely.,LiNe D,Failded
PCB,97.46,4,634,20/05/2023,Allen-Myers,1876,,nan,Passed 
Earbud Housing,96.62,3,525,"May 21, 2023",White-Patel,1562,,Line A,Failed
Speaker,32.66,3,493,22/05/2023,Berger-Anderson,1756,Game expert pattern marriage change job teacher.,nan,Passed
Wire,54.75,1,771,2023-05-23,"King, Delacruz and Simmons",1914,,Line B ,Failded
Charger,37.08,4,462,24/05/2023,Ramirez-Jackson,1425,Teacher policy hand loss evidence hotel.,LiNe D,Passed 
PCB,35.64,2,536,"May 25, 2023","Bryant, Ramirez and Daniels",1546,,Line B ,
Earbud Housing,13.32,0,769,"May 26, 2023","Patrick, Gonzalez and Jackson",1301,Choose degree show boy sister project list.,nan,Passed
Earbud Housing,64.86,1,650,"May 27, 2023",Thomas Ltd,1921,,Line A,Failed
Cable,55.24,3,181,2023-05-28,Thompson LLC,1580,,Line C,Passed 
Earbud Housing,14.63,2,455,29/05/2023,Bryan-Escobar,1348,,nan,Failed
Connector,35.08,2,357,"May 30, 2023",Price and Sons,1831,,Line A,Failed
Charger,91.74,0,817,2023-05-31,"Russo, Green and Kane",,,LiNe D,Failded
Connector,31.56,3,688,"Jun 01, 2023",Davis-Moore,1979,,Line B ,Failded
Charger,23.04,4,623,02/06/2023,Cole PLC,1048,Seat fact free mean.,Line B ,Passed 
Wire,54.05,2,394,03/06/2023,Gray-Smith,1916,,Line B ,
Charger,98.71,0,323,04/06/2023,Conner-Lawson,1073,,LiNe D,Passed 
Connector,31.78,4,624,"Jun 05, 2023","Thomas, Doyle and Pratt",1703,Answer carry build myself standard.,Line A,
Charger,70.49,3,145,"Jun 06, 2023","Adams, Jacobs and Hall",1260,,LiNe D,Failed
Wire,78.55,2,766,"Jun 07, 2023","Carney, Sosa and Hanson",1355,,Line B ,Passed
Wire,31.39,4,212,2023-06-08,Reed-Haynes,1581,,nan,Passed 
Speaker,75.54,4,332,09/06/2023,Hensley-Grant,1601,,Line C,Passed 
Charger,43.1,4,116,2023-06-10,Gomez-Garcia,1259,,LiNe D,
Cable,66.91,2,459,2023-06-11,Miller-Johnson,1637,,LiNe D,Failed
Microphone,67.02,2,322,12/06/2023,"Wilson, Obrien and Berg",1742,Ask finally moment out recent skin cost give.,Line A,Failed
Battery,58.22,1,965,2023-06-13,"Hill, Tran and Chavez",1294,,Line A,
Wire,18.13,3,799,14/06/2023,Gonzalez-Clayton,1930,Paper key health should green discussion.,LiNe D,Failed
Chipset,85.18,0,547,15/06/2023,"Neal, Morrison and Curtis",1640,,Line B ,Failded
Microphone,38.87,4,955,2023-06-16,Anderson-West,1791,,Line C,Passed
PCB,26.79,1,464,17/06/2023,Norris PLC,1312,Take human the.,Line A,Passed 
Charger,13.67,0,774,18/06/2023,"Walker, Christian and Stevens",1611,Interview general station century best effort.,Line B ,Passed
Connector,63.18,1,425,19/06/2023,Hodges-Brown,1837,,nan,Passed 
Battery,70.98,2,566,2023-06-20,Green-Anderson,1808,,Line A,Failded
Chipset,11.49,4,513,"Jun 21, 2023",Wilson and Sons,1181,,Line B ,Failed
Microphone,56.09,0,554,22/06/2023,Avila-Richardson,1685,,Line B ,
Charger,30.38,0,685,23/06/2023,"Wilkerson, Wood and Morris",1827,Win war quickly shake.,Line C,Failded
Speaker,68.07,0,332,2023-06-24,Vaughn Group,1363,,Line C,Passed
PCB,25.69,0,323,2023-06-25,"Gardner, Gilbert and Wolfe",1187,,nan,
Battery,72.18,0,930,"Jun 26, 2023",Andersen Group,1568,,Line B ,Failed
Cable,44.81,1,511,"Jun 27, 2023","Moore, Rose and Johnson",1542,Nation himself sell within value light wear.,Line B ,Failded
Speaker,94.31,4,671,28/06/2023,West LLC,1595,,Line C,
Chipset,22.38,2,434,29/06/2023,"Rodriguez, Whitaker and Grimes",1663,,Line A,Failded
Battery,40.7,2,321,2023-06-30,Grant-Edwards,1984,Imagine north eight north remember couple develop.,Line A,Failded
Speaker,20.21,2,136,01/07/2023,"Stokes, Hawkins and Perez",1547,Process compare Republican push carry value natural.,LiNe D,Failed
PCB,93.22,2,377,02/07/2023,"Young, Johnson and Horne",1724,,Line C,Passed 
Cable,88.96,1,295,2023-07-03,Page Group,1925,,LiNe D,
Speaker,33.21,3,963,2023-07-04,"Vasquez, Moon and Bush",1407,,Line C,Failed
Earbud Housing,69.4,4,583,05/07/2023,Sanchez LLC,1875,,nan,Failded
Cable,83.55,0,341,06/07/2023,"Miller, Rodriguez and Lee",1617,Black drug beautiful society machine much agency.,Line B ,Failed
Chipset,59.97,3,423,"Jul 07, 2023","Hill, Anderson and Harmon",1413,Her such individual anything.,nan,Passed 
PCB,57.67,2,830,2023-07-08,Haas Group,1341,,Line C,
Charger,31.77,3,291,09/07/2023,"Martinez, Gill and Ortiz",1219,,Line B ,Passed 
Connector,18.38,4,116,2023-07-10,"Miller, Martinez and Kennedy",1902,,Line A,Passed
Connector,90.75,0,623,"Jul 11, 2023",Smith Ltd,1162,About white me including mind century.,Line A,
Connector,91.04,0,500,12/07/2023,Lawrence Inc,1950,Voice east always history strategy business model.,LiNe D,Passed 
Battery,66.98,4,985,"Jul 13, 2023","Anderson, Gonzalez and Wise",1219,,Line C,Failded
Chipset,40.51,4,804,2023-07-14,Johnson-Valencia,1269,,Line C,
PCB,41.43,2,121,"Jul 15, 2023","Richards, Davis and Lindsey",1631,When medical within interesting.,Line A,
Cable,75.34,0,573,16/07/2023,Watkins-Knight,1905,Out catch while region federal sea.,nan,Failed
Battery,90.74,3,219,"Jul 17, 2023",Cole and Sons,1847,,Line B ,Failded
Chipset,89.84,1,309,2023-07-18,"Henry, Maddox and Foster",1399,,nan,Passed
Charger,80.19,1,405,2023-07-19,Wilson LLC,1181,Trip other somebody shake almost majority ago.,nan,Passed 
Earbud Housing,67.78,4,369,2023-07-20,"Smith, Day and Williams",1990,,Line A,Failed
PCB,17.57,2,803,21/07/2023,Smith LLC,1617,,Line A,Passed 
Connector,24.55,1,786,22/07/2023,Johnson-Huffman,1728,Which south red.,Line A,Passed
Speaker,90.87,0,384,2023-07-23,"Campbell, Williams and Anderson",1204,Dark someone line example customer feel meet room.,LiNe D,Passed
PCB,64.58,4,815,24/07/2023,"Warren, Lee and Russell",1581,,nan,
Wire,10.83,3,775,"Jul 25, 2023","Nguyen, Woods and Hoover",1555,Force else record too major.,Line C,Passed
Chipset,19.13,4,862,26/07/2023,Marshall-Luna,1840,,Line B ,Passed 
Microphone,69.72,3,326,27/07/2023,Rodgers Inc,1812,Lawyer exactly ask.,LiNe D,Failded
Charger,10.46,4,480,28/07/2023,"Rhodes, Johnson and Lewis",1227,,Line C,Failded
Earbud Housing,24.47,4,559,29/07/2023,Williams LLC,1695,,nan,
Charger,59.39,4,106,"Jul 30, 2023",Wood-Marshall,1618,Man heavy wonder available staff eat other participant.,Line A,Passed 
PCB,72.27,3,128,"Jul 31, 2023",Sherman-Dominguez,1595,For to partner decide cause.,nan,Passed 
Microphone,68.68,3,132,"Aug 01, 2023",Phillips Inc,1849,,Line B ,Passed
Wire,30.18,4,745,2023-08-02,Lopez Ltd,1249,,LiNe D,Passed 
Cable,74.1,1,978,2023-08-03,Martinez-Anderson,1874,,LiNe D,Failed
Speaker,31.35,2,178,"Aug 04, 2023",Beck-Barr,1440,,Line B ,Passed
Microphone,39.29,2,558,05/08/2023,Bailey-Young,1532,,Line C,Failed
Chipset,77.18,2,669,06/08/2023,"Warren, Cordova and Morton",1195,,Line C,
Connector,68.47,3,637,2023-08-07,White-Hicks,1689,,LiNe D,Failded
Wire,86.43,3,581,08/08/2023,"Mccullough, Stephenson and Richardson",1928,,LiNe D,
Speaker,69.19,1,529,2023-08-09,Dunn Inc,1986,,Line A,Failded
Earbud Housing,61.15,2,837,"Aug 10, 2023","Smith, Keller and Donovan",1518,,Line C,
Connector,18.43,2,384,"Aug 11, 2023",Brown PLC,1069,,Line B ,Passed 
PCB,43.09,4,615,12/08/2023,Cohen-Cordova,1638,,Line C,Failed
Microphone,33.87,3,198,13/08/2023,Rivera Ltd,1398,,Line A,Failded
Speaker,31.96,2,496,14/08/2023,"Hudson, Collier and Russo",1977,Call collection prepare center.,LiNe D,Passed
Battery,97.57,1,588,"Aug 15, 2023",Nguyen-Wilson,1671,Bill clearly growth deep you.,LiNe D,Failed
Cable,45.38,1,138,16/08/2023,Miles PLC,1759,,Line A,Passed
Cable,90.28,2,370,2023-08-17,Tran-Martin,1202,Owner part arm drive dog.,Line B ,Failed
Wire,66.8,3,986,"Aug 18, 2023",Manning-Herman,1147,,LiNe D,Failed
Earbud Housing,81.53,1,896,19/08/2023,"Cameron, Price and Chandler",1471,,nan,
Wire,55.24,4,256,20/08/2023,"Martin, Swanson and Weber",1654,Accept position citizen instead discover.,LiNe D,Failded
Battery,61.92,1,174,21/08/2023,Gibson-Adams,1943,North partner beautiful soldier coach blood history.,nan,Failded
Chipset,54.33,0,983,2023-08-22,Horn-Gilbert,1198,Social best dog condition kid center.,Line A,Failed
Earbud Housing,27.57,0,899,"Aug 23, 2023",Ho PLC,1916,Own little rule safe discuss with.,Line A,Passed 
Charger,75.02,3,229,24/08/2023,"Wilson, Brown and Ryan",1425,,LiNe D,Passed 
Chipset,35.27,2,786,2023-08-25,Adams and Sons,1665,,Line C,Passed
Earbud Housing,12.19,3,183,"Aug 26, 2023",Davis Inc,1491,,nan,Passed
Earbud Housing,68.09,3,121,27/08/2023,"Miller, Valenzuela and Hernandez",1887,,Line B ,
Battery,25.94,3,558,28/08/2023,Burke Group,1895,Guy hand cup.,LiNe D,Failed
PCB,94.64,3,638,2023-08-29,Leach-Boyd,1141,Action national board per store current.,Line B ,Passed
Battery,95.85,4,806,30/08/2023,Henderson Ltd,1312,,LiNe D,Passed
Earbud Housing,92.34,4,948,2023-08-31,Rivera Group,1164,,Line C,Failed
Speaker,43.31,1,481,01/09/2023,Edwards LLC,1313,Republican their attack interview argue single.,Line C,
Chipset,11.39,0,847,"Sep 02, 2023",Cortez and Sons,1020,,Line C,Passed
Battery,93.55,3,539,03/09/2023,"Richmond, Winters and Powell",1081,Across blue right fine large small.,Line C,
PCB,48.54,1,703,"Sep 04, 2023",Sanders-Jackson,1580,Last order major take.,Line A,Failded
Microphone,97.0,0,120,2023-09-05,Buchanan-Mcmahon,1130,Product control language without husband word professor.,Line A,
Wire,96.73,2,402,"Sep 06, 2023",Blackburn and Sons,1598,,nan,Passed 
Earbud Housing,86.77,4,968,"Sep 07, 2023",Thompson Inc,1729,,Line B ,Passed 
Charger,36.5,0,183,2023-09-08,"Williams, Norton and Vaughan",1932,,LiNe D,
Microphone,44.66,2,873,09/09/2023,"Bell, Smith and Burns",1983,,LiNe D,Passed 
Cable,86.6,0,758,10/09/2023,Bryant-Mitchell,1304,,Line A,Failded
Connector,38.52,4,552,2023-09-11,Evans PLC,1914,Cover should for summer public believe.,LiNe D,Failed
PCB,25.25,4,486,2023-09-12,Stevenson-Price,1370,,Line A,Passed 
Charger,60.11,1,606,2023-09-13,"Williams, Gomez and Ramirez",1856,,nan,Passed 
Connector,94.25,3,356,"Sep 14, 2023","Williams, Anderson and Macias",1852,,Line B ,
PCB,72.64,0,669,2023-09-15,Bush and Sons,1383,,nan,Failded
Speaker,61.31,0,991,"Sep 16, 2023",Hernandez-Davis,1907,Then participant list just do half.,Line C,Failed
Wire,18.75,2,626,2023-09-17,"Singleton, Maldonado and Stanley",1444,Audience cost life member risk.,Line C,
Microphone,65.35,4,261,"Sep 18, 2023",Smith-Taylor,1424,,Line C,
Chipset,99.1,0,262,2023-09-19,"Garcia, Williams and Browning",1160,,nan,Failded
PCB,22.61,4,931,"Sep 20, 2023","Bishop, Navarro and Gonzalez",1177,,LiNe D,Failed
Chipset,56.65,0,892,2023-09-21,Baker-Henderson,1628,,Line B ,Failded
Wire,88.96,1,891,22/09/2023,Jones-Mason,1707,,Line C,Failed
Earbud Housing,76.67,3,623,23/09/2023,Brown PLC,1894,,Line C,Failded
Cable,72.73,0,885,2023-09-24,"Barton, Thompson and Walker",1489,,Line C,
Microphone,73.22,4,370,2023-09-25,Gonzalez LLC,1326,,Line B ,
Wire,42.35,1,591,"Sep 26, 2023",Le Ltd,1597,,Line C,Passed
Wire,36.42,0,307,"Sep 27, 2023",Warner Ltd,1288,,Line B ,Passed 
Speaker,82.84,2,638,2023-09-28,King-Pope,1592,,Line C,Failded
Connector,82.91,3,683,2023-09-29,Hernandez and Sons,1663,,nan,Passed
Cable,88.04,0,159,2023-09-30,"Green, Garcia and Howell",1572,,nan,Passed 
Microphone,92.19,1,529,2023-10-01,Kelley-Nguyen,1572,,Line B ,Failded
Earbud Housing,56.02,2,756,2023-10-02,Wilkerson PLC,1353,Individual determine performance let network interesting.,nan,Failed
Earbud Housing,55.14,1,704,"Oct 03, 2023","Lewis, Nelson and Anderson",1027,,Line B ,Passed 
Battery,81.85,1,408,"Oct 04, 2023",Blevins-Lee,1953,,nan,
Wire,68.5,2,619,05/10/2023,Salinas-Jordan,1042,,nan,Passed
PCB,73.18,1,690,06/10/2023,Smith-Williams,1680,,Line B ,Passed 
Speaker,81.62,2,126,2023-10-07,Carter-Koch,1422,Occur indeed beyond again not.,LiNe D,Passed 
Cable,90.1,0,785,2023-10-08,Williams-Huang,1597,Concern letter stock.,nan,
Earbud Housing,40.42,2,661,2023-10-09,Dyer-Caldwell,1176,,Line C,Failded
Microphone,43.8,2,298,10/10/2023,Barton Group,1528,Market difference drug feeling despite realize.,LiNe D,Failed
Battery,18.46,3,486,2023-10-11,Jones Group,1609,,Line B ,
Microphone,62.05,2,448,12/10/2023,"Arnold, Perez and Hall",1965,Despite simple main.,LiNe D,Failed
Speaker,13.23,2,792,2023-10-13,"Carrillo, Cunningham and Haynes",1493,,Line A,Failded
PCB,51.9,0,635,"Oct 14, 2023",Reese LLC,1197,,Line A,Passed 
Battery,58.84,3,927,2023-10-15,"Contreras, Castro and Miller",1609,,nan,Failed
Battery,35.79,4,477,"Oct 16, 2023","Preston, Allen and Hernandez",1576,,nan,Passed
Connector,63.17,0,998,17/10/2023,"Bonilla, Nash and Curry",1841,,Line C,Passed
Cable,12.75,0,657,2023-10-18,Cruz PLC,1852,,LiNe D,
Battery,13.36,4,626,19/10/2023,Fletcher Ltd,1516,,Line A,Failded
Connector,84.03,2,252,20/10/2023,"Huang, Miller and Kelly",1513,,nan,
Connector,42.42,1,833,21/10/2023,"Johnson, Wang and Gordon",1021,,LiNe D,
Speaker,21.44,3,305,"Oct 22, 2023",Ramos-Wood,1111,Agency security move wonder professional painting business.,nan,
Chipset,57.0,1,554,23/10/2023,Mendoza LLC,1056,,nan,Passed
Microphone,79.3,4,372,2023-10-24,"Bishop, Stewart and Boone",1065,Today agent believe pattern left body message sea.,Line A,Passed
PCB,29.42,0,993,2023-10-25,Walton-Jones,1841,,Line A,
Charger,66.06,0,335,"Oct 26, 2023",Johnson LLC,1097,,nan,Passed
Microphone,17.68,3,951,2023-10-27,"Williams, Rodriguez and Rhodes",1143,,Line B ,Failded
Battery,14.65,0,839,"Oct 28, 2023",Ruiz Group,1879,,nan,
PCB,57.82,0,620,29/10/2023,Ware-Smith,1434,,nan,Passed
Earbud Housing,58.66,3,777,30/10/2023,"Snyder, Cabrera and Mckinney",1636,Great success health design first your last.,Line C,Failed
Chipset,67.37,3,930,"Oct 31, 2023","Gonzalez, King and Cardenas",1678,,Line C,
Earbud Housing,75.35,4,825,2023-11-01,"Dawson, Leach and Ward",1085,,Line C,
Earbud Housing,97.83,0,600,"Nov 02, 2023",Miller Group,1587,,Line B ,Failded
Cable,56.47,0,216,"Nov 03, 2023","Adams, Dudley and Brown",1343,,Line B ,Passed 
Microphone,39.07,4,485,"Nov 04, 2023",Atkinson Group,1935,Black within will address like.,nan,Passed 
Charger,81.57,2,443,"Nov 05, 2023","Rodriguez, Fisher and Watkins",1293,Response may network operation.,Line C,Failded
Speaker,34.37,2,683,"Nov 06, 2023",Jensen-Cole,1955,Trial according information ability own tell serve.,Line B ,Failded
Charger,49.51,2,494,"Nov 07, 2023",Wilson PLC,1570,Score part my top.,Line A,Failded
Earbud Housing,17.06,4,163,2023-11-08,"Horton, Holmes and Williams",1649,Answer could small also investment career letter.,nan,Passed 
Battery,12.28,0,816,"Nov 09, 2023",Miller Ltd,1610,Listen firm poor describe.,LiNe D,Failded
Chipset,96.64,4,820,"Nov 10, 2023","Williams, Lopez and Harvey",1703,Follow eye billion official evening record rock.,nan,Passed
Wire,85.24,4,171,11/11/2023,Gonzalez and Sons,1242,,LiNe D,
Charger,72.64,2,888,"Nov 12, 2023","Ware, King and Hart",1830,Add age event big.,Line C,
Earbud Housing,46.81,1,373,"Nov 13, 2023",Kramer Group,1560,,LiNe D,Failed
Chipset,25.6,0,419,"Nov 14, 2023","Johnson, Harris and Thompson",1959,,Line C,Failed
PCB,24.08,2,437,"Nov 15, 2023","Ingram, Pierce and Stewart",1031,Consider be gun popular able again could.,Line A,
Microphone,32.52,1,465,2023-11-16,Fleming Ltd,1390,,LiNe D,Passed
Connector,59.43,1,594,2023-11-17,Grimes-Cruz,1276,,nan,Passed 
Cable,74.31,3,706,18/11/2023,Miller Group,1531,,Line C,Passed 
Chipset,69.42,0,265,19/11/2023,Ross-Brock,1153,,nan,Passed
Battery,35.19,1,643,"Nov 20, 2023",Alexander LLC,1382,,Line B ,Passed 
Battery,95.94,2,110,21/11/2023,Lopez LLC,1067,A read arm rock would.,Line C,Failded
Chipset,76.41,3,400,2023-11-22,Fleming-Wilson,1877,,LiNe D,
Battery,59.89,0,828,"Nov 23, 2023",Snyder Group,1883,Clearly product range two TV drug.,Line C,
Microphone,65.05,4,900,24/11/2023,Taylor-Lowe,1213,,nan,Passed
Battery,47.76,2,201,"Nov 25, 2023",Mendoza Inc,1654,,Line A,Passed 
Charger,32.3,1,524,"Nov 26, 2023",Gill-Mitchell,1375,,Line C,Failed
Connector,42.04,1,491,2023-11-27,"Blevins, Morrow and Calderon",1743,,LiNe D,Failed
Battery,78.21,2,878,2023-11-28,Washington-Mueller,1212,,Line B ,Passed 
Connector,11.3,1,313,29/11/2023,Gay-Roberts,1078,Their them ok season eight offer appear research.,Line A,Failed
Earbud Housing,20.45,3,790,2023-11-30,Davis-Morgan,1725,,Line B ,Passed
Speaker,14.14,0,187,"Dec 01, 2023",Freeman-Rich,1627,,Line C,Passed
Microphone,13.67,3,652,"Dec 02, 2023",Conway and Sons,1603,Shake feel week music financial partner.,nan,Passed 
Speaker,86.99,1,500,2023-12-03,Harrison PLC,1781,,nan,Failed
Earbud Housing,73.33,4,687,04/12/2023,"Richards, Turner and Martinez",1922,,LiNe D,Passed
Microphone,52.68,0,988,05/12/2023,"Williams, Davis and Jones",1380,Senior white dark option rule.,nan,Passed
Chipset,18.81,0,145,06/12/2023,"Hamilton, Beck and Rhodes",1679,Recently good sit put air through.,Line A,Failded
Chipset,54.25,2,771,2023-12-07,"Martinez, Williamson and Flores",1057,,nan,Failded
Connector,52.61,2,562,"Dec 08, 2023",Lopez Ltd,1795,,LiNe D,Passed
Earbud Housing,25.59,4,691,09/12/2023,Jenkins LLC,1025,Side seek leave challenge ten run with someone.,Line C,Passed 
Connector,49.05,0,409,2023-12-10,Bell-White,1880,On president back.,Line C,
Cable,45.87,4,185,"Dec 11, 2023",Williams-Hughes,1446,,nan,
Battery,65.43,2,191,2023-12-12,Weber-Lewis,1065,,Line B ,Passed
Wire,67.16,2,759,2023-12-13,Miller Inc,1920,,Line C,Passed
Cable,14.08,0,772,2023-12-14,Owen-Middleton,1759,Sense none tell Congress.,nan,Passed
Battery,43.72,3,813,2023-12-15,Buchanan-Mcconnell,1253,Coach water goal western the clear however woman.,LiNe D,Passed 
Microphone,66.33,1,341,16/12/2023,"Simmons, Hernandez and Baker",1898,Whole professional majority social process.,nan,Failded
Connector,55.28,2,964,2023-12-17,Ross-Moore,1967,,Line C,Passed
Microphone,87.08,2,101,"Dec 18, 2023",Becker and Sons,1043,,LiNe D,Passed
Microphone,69.28,3,324,19/12/2023,Dunn LLC,1096,,nan,Failed
Battery,24.66,3,900,2023-12-20,Burns-Hayes,1553,,Line A,Passed 
Earbud Housing,16.35,4,844,2023-12-21,Decker-Brock,1226,Range writer trip.,LiNe D,Passed
Battery,67.82,4,688,"Dec 22, 2023",Hill PLC,1773,,Line A,Failed
PCB,12.39,1,215,2023-12-23,"Savage, Navarro and Gay",1678,Capital suggest remain clear drive community.,Line B ,
Chipset,62.72,1,765,24/12/2023,"Lewis, Dixon and Brennan",1435,,LiNe D,Passed
Chipset,94.62,0,202,"Dec 25, 2023",Clark-Williams,1790,,Line A,Passed
Cable,61.79,4,293,2023-12-26,Pearson-Torres,1600,Hair want about by change television.,Line C,Failed
Chipset,44.94,2,265,27/12/2023,Morales LLC,1378,,Line C,Passed 
Battery,67.9,4,970,2023-12-28,Edwards PLC,1177,,Line B ,Passed
Charger,51.24,2,189,2023-12-29,"Mendoza, Arnold and Fletcher",1426,Certain produce week explain however million blue.,LiNe D,
Connector,59.11,3,785,30/12/2023,Wilson-Coleman,1914,Member PM arm subject.,LiNe D,Passed
Battery,94.73,4,221,2023-12-31,"Barr, Sanford and Harrison",1708,,LiNe D,
Battery,44.75,3,242,2024-01-01,Schaefer-Willis,1306,,Line B ,Failded
Wire,96.51,1,205,02/01/2024,Garcia Inc,1778,Own could social develop ten all.,LiNe D,Failded
Connector,91.48,1,986,2024-01-03,Schroeder PLC,1503,Wait lead significant citizen wide challenge.,Line C,
PCB,27.62,0,527,2024-01-04,"Lloyd, Jackson and Mahoney",1267,,Line A,Passed 
Chipset,16.24,4,404,05/01/2024,Freeman-Nelson,1585,,Line C,Passed
Connector,19.07,3,971,"Jan 06, 2024",Lewis-Phelps,1007,,Line C,Passed
Chipset,11.64,2,416,2024-01-07,"Austin, Sheppard and Harvey",1919,,Line A,Failded
Cable,18.5,1,734,2024-01-08,Hernandez Group,1507,Director cold report life majority rate reason kind.,Line C,
Connector,71.47,1,108,09/01/2024,Buchanan-Roberts,1475,,Line B ,Passed
Chipset,16.41,2,873,"Jan 10, 2024",Hoffman-Chen,1296,,Line A,Passed
PCB,38.71,3,172,"Jan 11, 2024",Graham-Robinson,1163,Child study activity significant spend kid.,Line C,Passed 
Speaker,86.04,3,458,"Jan 12, 2024",Powell-Hale,1484,,nan,Failed
Microphone,12.09,4,322,13/01/2024,Gill-Hunt,1596,Affect meet now write four actually social.,Line C,Failded
Microphone,83.3,4,515,"Jan 14, 2024","Garrett, Travis and Perkins",1071,Require pay animal family standard card indeed.,Line B ,Failded
PCB,35.37,0,652,2024-01-15,Cruz-Daniel,1566,Option at check produce sell radio society.,LiNe D,Failed
Wire,20.63,1,469,16/01/2024,Matthews Inc,1904,Fish there rate east Mr fact.,Line C,Passed
Speaker,72.71,4,815,"Jan 17, 2024","Watts, Davis and Green",1558,Carry difference simply.,LiNe D,Passed 
Cable,66.6,3,363,2024-01-18,Harper LLC,1910,,nan,Passed 
PCB,88.97,2,939,2024-01-19,Mitchell Ltd,1943,,Line C,Failded
Microphone,76.16,3,789,2024-01-20,"Fisher, Freeman and Ray",1237,,Line A,Passed 
Microphone,82.31,1,959,21/01/2024,Jacobson PLC,1103,Probably early data computer material.,LiNe D,Failed
Microphone,35.38,3,417,"Jan 22, 2024",Williams-Roberts,1209,,nan,Passed
Earbud Housing,25.97,0,183,23/01/2024,"Dennis, King and Cameron",1553,Somebody seven prevent car public fire.,Line A,Failed
PCB,77.56,1,417,"Jan 24, 2024",Williams-Frazier,1827,Thing matter agent floor keep shoulder.,Line A,
Battery,82.62,2,210,25/01/2024,Roy-Hale,1467,,Line A,Failded
Cable,99.15,0,350,"Jan 26, 2024",Yang-Simon,1453,,Line A,Passed 
Microphone,47.14,1,482,"Jan 27, 2024",Hernandez Group,1267,,Line C,
Chipset,43.48,2,106,2024-01-28,Ray-Russell,1385,,Line C,Passed 
PCB,79.88,0,558,"Jan 29, 2024",Suarez Group,1774,Significant floor great field factor direction perhaps.,Line C,Passed
Earbud Housing,40.67,0,183,30/01/2024,Schultz-Cole,1847,,nan,Passed
PCB,93.77,1,307,"Jan 31, 2024",Beck PLC,1386,Doctor hand down stop model production skill.,nan,Passed
Cable,87.26,4,999,"Feb 01, 2024",Walters Ltd,1876,Small score who bit something.,nan,Passed 
Earbud Housing,48.61,0,489,"Feb 02, 2024",Hill Group,1258,,Line B ,
Cable,77.58,0,413,03/02/2024,Richardson Inc,1282,,nan,Passed
PCB,77.91,2,121,"Feb 04, 2024","Santos, Mendoza and Espinoza",1625,,Line C,
Battery,19.28,3,509,"Feb 05, 2024","Davis, Grant and Wilson",1874,Eight position protect natural picture line.,Line C,Passed 
Cable,91.23,1,994,2024-02-06,"Abbott, Castro and Bentley",1039,Recently move easy through.,Line B ,
Earbud Housing,55.47,1,614,2024-02-07,"Benson, Keller and Cook",1485,,Line B ,Passed 
Earbud Housing,84.38,4,226,"Feb 08, 2024",Arnold LLC,1928,,nan,Passed 
Cable,38.8,4,908,09/02/2024,Brown LLC,1219,,LiNe D,Failded
Charger,90.6,1,799,"Feb 10, 2024",West-Scott,1128,Economic opportunity nice time mention deep.,Line B ,Passed 
PCB,45.03,4,973,11/02/2024,Mitchell Inc,1519,,Line A,Passed 
Charger,10.98,2,113,12/02/2024,"Campos, Hancock and Garner",1612,Evening character door fact yourself method himself.,Line C,Failed
Wire,91.48,1,111,"Feb 13, 2024",Murphy-Rodriguez,1927,Yard hear ask government spend student control person.,Line A,Passed
PCB,18.22,4,186,"Feb 14, 2024",Arnold Group,1891,,Line C,Failded
Cable,38.74,1,623,"Feb 15, 2024","Hawkins, Warren and Cole",1687,,Line C,Failded
Speaker,95.51,3,636,16/02/2024,"Powell, Clark and Young",1618,,Line B ,Failded
Cable,95.55,0,400,17/02/2024,Schneider PLC,1612,Size but indeed analysis machine control.,Line B ,Failed
Charger,61.61,1,342,18/02/2024,White-Fuller,1259,,Line A,Passed 
Battery,66.87,0,221,19/02/2024,Rodriguez-Gutierrez,1989,,Line C,Passed
Cable,50.36,4,246,2024-02-20,Roberson Group,1965,,Line A,
Cable,36.39,0,666,2024-02-21,King-Joseph,1365,,LiNe D,Passed 
Battery,39.58,1,849,"Feb 22, 2024",Fisher LLC,1757,,Line A,Failed
Cable,70.53,3,455,23/02/2024,"Hamilton, Baldwin and Wood",1786,They resource skill spend option.,nan,Passed 
Microphone,77.71,4,784,"Feb 24, 2024",Evans and Sons,1543,Finish kid must per defense service.,Line A,Passed 
Speaker,81.24,1,832,"Feb 25, 2024",Johnson-Jarvis,1648,Him toward little project simply this answer production.,nan,Failed
Chipset,81.07,4,730,"Feb 26, 2024","Murphy, Davis and Hill",1523,,nan,Failded
Speaker,18.21,2,408,2024-02-27,Hensley-Myers,1906,,nan,Failded
Cable,54.5,0,794,28/02/2024,Rhodes-Taylor,1813,Run social war similar television impact ground.,LiNe D,Passed
Microphone,15.18,2,387,2024-02-29,Koch Group,1886,,Line A,Passed
PCB,59.46,1,406,"Mar 01, 2024",Johnson-Nguyen,1015,,Line A,Failded
Cable,49.74,3,911,"Mar 02, 2024",Campos Inc,1128,,LiNe D,
Charger,89.89,4,693,2024-03-03,Jackson-Riley,1574,,Line C,Passed 
Microphone,41.58,0,822,2024-03-04,Shelton-Gill,1108,,Line B ,
Battery,20.54,4,761,2024-03-05,Mccoy Group,1886,,Line A,Passed 
Microphone,22.87,1,648,06/03/2024,"Pineda, Richardson and Perez",1532,,Line B ,Failded
Battery,78.54,4,451,"Mar 07, 2024",Hardin Ltd,1669,,LiNe D,Passed
Wire,65.64,0,411,"Mar 08, 2024",Barnett and Sons,1268,,Line C,Passed
Chipset,19.1,1,972,09/03/2024,Jackson-Ramirez,1161,,Line C,
Connector,17.57,4,158,10/03/2024,Murray LLC,1259,Professional law dream understand Republican.,Line C,Passed
Microphone,73.09,3,742,11/03/2024,Rivera-Sampson,1923,,LiNe D,Failded
Earbud Housing,16.55,1,813,12/03/2024,James-Medina,1101,Under arm if agency total end role.,nan,
Charger,83.97,1,854,2024-03-13,"Petty, Goodwin and Cook",1505,,nan,Passed 
Cable,73.56,3,134,2024-03-14,"Patel, Nguyen and Kim",1734,National once generation top.,Line B ,Passed
Charger,17.32,2,544,2024-03-15,Curtis-Rowland,1570,,nan,Failed
Speaker,17.64,0,192,"Mar 16, 2024",Hubbard-Sanders,1246,Maybe remember once just.,nan,Passed
Connector,98.8,2,306,"Mar 17, 2024",Shannon Group,1639,,Line C,Passed 
Speaker,43.68,4,452,2024-03-18,Morales-Smith,1794,,Line C,
Wire,43.36,3,431,"Mar 19, 2024","Berg, Lopez and Parsons",1836,,Line B ,Passed 
Connector,83.15,2,916,20/03/2024,Schultz Ltd,1536,Here ok indeed factor quite loss travel.,Line A,Failed
Connector,95.25,1,961,"Mar 21, 2024","Hanson, Johns and Ellis",1130,,Line B ,Failded
Speaker,98.74,4,824,22/03/2024,Murray and Sons,1352,Million food such woman.,Line B ,Passed
Battery,77.8,4,258,2024-03-23,"Perez, Edwards and Diaz",1195,,LiNe D,
Speaker,43.86,2,123,"Mar 24, 2024",Garcia and Sons,1792,,LiNe D,Failded
Charger,17.52,2,503,25/03/2024,Davis Inc,1915,,Line B ,Passed 
Battery,79.94,3,904,26/03/2024,"Walker, Wong and Harris",1929,,Line B ,
Charger,60.26,0,615,2024-03-27,Johnson-Morton,1665,Offer century us hot difficult today degree.,Line B ,Failded
Wire,48.18,2,831,"Mar 28, 2024",Franklin-Cooper,1381,,nan,
Cable,91.57,2,463,2024-03-29,Suarez-Manning,1644,Carry serious Republican daughter sometimes born deal.,LiNe D,Failed
PCB,20.01,1,481,2024-03-30,Roberts-Young,1226,,Line B ,Failed
Battery,54.34,4,631,"Mar 31, 2024",Marquez and Sons,1700,Next it final firm future science talk.,Line C,Passed
Wire,11.02,0,251,"Apr 01, 2024",Adams-Fox,1475,,Line C,Passed
Earbud Housing,52.18,1,661,"Apr 02, 2024",Oliver LLC,1476,,nan,Failed
Wire,15.07,3,788,03/04/2024,Edwards PLC,1264,,nan,
Speaker,20.69,3,707,2024-04-04,Butler-Daniel,1371,,Line A,Failed
Speaker,20.58,2,716,05/04/2024,"Vega, Gonzalez and Ross",1485,,Line A,Passed
PCB,68.43,2,519,"Apr 06, 2024",Murphy-Lester,1433,,Line A,Failed
Wire,77.14,3,349,2024-04-07,"Palmer, Garcia and Webster",1645,Face push arm answer produce cup standard.,nan,Failed
Chipset,62.5,2,216,08/04/2024,"Sutton, Brown and Edwards",1210,,nan,
Cable,96.6,0,965,2024-04-09,Daniels-Thompson,1571,,nan,Failded
Speaker,43.74,2,611,10/04/2024,"Black, Taylor and Palmer",1939,,Line C,Passed
PCB,35.71,4,839,"Apr 11, 2024",James Ltd,1376,Set large free.,nan,
Cable,88.17,2,677,2024-04-12,Arnold Inc,1394,,Line C,Failed
Wire,30.12,1,434,13/04/2024,Padilla Group,1449,Project example rich simply laugh then north.,Line A,Failed
Wire,96.69,0,517,"Apr 14, 2024","Grant, Barnes and Ashley",1942,,Line A,Failded
Connector,11.09,1,873,15/04/2024,Holland LLC,1363,,Line A,Passed
PCB,97.29,1,394,16/04/2024,Rodriguez Group,1875,,Line B ,Passed
Speaker,13.88,4,854,2024-04-17,Bates Ltd,1456,,Line B ,Passed 
Chipset,90.2,0,470,18/04/2024,Hamilton-Knight,1724,,LiNe D,Passed
Wire,57.49,0,285,2024-04-19,"Taylor, Sampson and Bishop",1727,Sister person water present between.,LiNe D,Failded
Chipset,99.37,0,345,20/04/2024,Sanders-Riley,1225,Military particularly board central.,LiNe D,Passed 
Wire,16.64,0,736,2024-04-21,Small-Johnston,1981,,Line B ,Passed 
Speaker,59.85,0,367,22/04/2024,Snyder-Adams,1130,,Line B ,Failed
Cable,97.24,4,742,"Apr 23, 2024","Burns, White and Thomas",1587,Somebody yet message available try reason impact realize.,LiNe D,Failed
Microphone,57.08,2,336,24/04/2024,"Griffin, Kelly and Schwartz",1475,,LiNe D,Passed
Cable,66.65,1,629,2024-04-25,"Walker, Jimenez and Castro",1797,,nan,Passed 
Wire,72.62,0,651,2024-04-26,Smith Ltd,1985,,LiNe D,Failed
Charger,50.91,2,120,"Apr 27, 2024","Powell, Nielsen and Johnston",1276,Field suffer try audience city probably deep edge.,nan,Failded
Microphone,66.48,2,836,2024-04-28,Hernandez-Benson,1155,,Line C,Failed
Microphone,62.59,1,966,2024-04-29,"Herman, Davis and Roberson",1759,Sometimes simply mother moment.,Line B ,Failed
Chipset,91.1,4,893,"Apr 30, 2024","Brown, Barker and Gomez",1217,Foot must father be measure nice.,LiNe D,Passed 
PCB,14.09,3,619,2024-05-01,Perry Group,1189,,Line B ,Passed 
Chipset,35.29,3,199,"May 02, 2024",Hoffman-Middleton,1416,,Line B ,
Chipset,95.54,2,851,"May 03, 2024","Gibson, Gould and Wilson",1980,Brother international easy two.,Line B ,Failded
Charger,90.12,1,577,2024-05-04,Torres-Chen,1674,,Line C,Passed 
Cable,51.01,3,698,"May 05, 2024",Peterson Inc,1691,,Line A,Passed
Cable,65.81,2,397,2024-05-06,Stevenson Ltd,1545,Fund short success name.,LiNe D,Failded
Earbud Housing,34.96,4,625,"May 07, 2024","Oconnor, Williams and Clark",1040,,Line A,Failded
Wire,26.93,3,433,2024-05-08,"Fischer, Gonzales and Woods",1306,Ability interest discussion reveal imagine find.,Line A,Passed 
Charger,51.73,2,101,"May 09, 2024",James-Stevens,1942,,Line A,Failded
Earbud Housing,41.8,2,474,"May 10, 2024",Torres LLC,1337,,Line B ,Passed 
Speaker,62.53,0,392,2024-05-11,"Dillon, Chapman and Lopez",1313,Heart attack effort seem.,nan,Failed
Wire,17.0,4,936,"May 12, 2024",White and Sons,1074,Day nation manage size.,Line B ,
Wire,97.7,0,652,13/05/2024,"Clark, Johnson and Evans",1952,,Line B ,Failed
Connector,98.76,1,417,14/05/2024,Alexander-Lopez,1278,,Line A,Passed 
Connector,72.83,0,601,2024-05-15,"Hensley, Cox and Barber",1175,,Line B ,Passed 
Battery,58.25,0,927,16/05/2024,Mckenzie-Cantu,1895,,Line A,Failed
Battery,37.86,3,480,"May 17, 2024",Nguyen-Lin,1661,,nan,Passed
Chipset,83.24,2,722,18/05/2024,"Carter, Allen and Dixon",1272,,LiNe D,Passed
Speaker,71.63,4,113,19/05/2024,Dillon LLC,1836,,Line A,Passed
Microphone,24.64,0,603,2024-05-20,Phillips PLC,1619,Often fact economy leave future song.,nan,Passed 
Microphone,91.98,4,330,21/05/2024,"Hawkins, Morris and Lambert",1650,Price big produce quickly.,LiNe D,Failded
Connector,84.03,0,183,"May 22, 2024",Diaz PLC,1861,,Line C,Passed 
Connector,95.48,1,229,"May 23, 2024",Conley PLC,1782,,Line A,Failded
Connector,75.31,0,842,2024-05-24,Crane-Orr,1858,,Line A,Failed
Charger,65.21,3,937,"May 25, 2024","Gregory, Hanson and Sanchez",1930,,Line C,
PCB,47.64,2,244,"May 26, 2024",Chapman-Olsen,1288,,Line C,Failded
Battery,93.95,1,990,2024-05-27,Gibson-Morgan,1723,,Line A,Passed
Charger,87.95,0,956,"May 28, 2024","Burke, Hudson and Watkins",1892,,Line C,Passed 
Cable,14.07,4,127,"May 29, 2024","Cunningham, Hebert and Sanders",1271,,Line B ,Failed
Microphone,12.37,1,165,2024-05-30,Phillips Ltd,1929,,LiNe D,Passed
Wire,43.88,1,262,"May 31, 2024",Tyler-Bright,1065,,LiNe D,Failed
Battery,82.95,0,328,"Jun 01, 2024",Gutierrez Inc,1482,,LiNe D,
Earbud Housing,98.85,1,360,"Jun 02, 2024","Lowe, Curtis and Armstrong",1935,Only task probably.,Line B ,Passed 
Cable,23.54,4,548,03/06/2024,Wilson LLC,1247,,Line C,Passed 
Battery,63.47,1,523,"Jun 04, 2024","Thomas, Green and Blanchard",1155,,nan,
Charger,44.28,4,559,05/06/2024,"Hill, Mcintyre and Bright",1046,,Line C,Passed 
Speaker,97.29,0,775,"Jun 06, 2024",Watkins Group,1934,Visit card doctor head full.,Line A,Failded
Wire,85.79,2,400,"Jun 07, 2024",Lutz Group,1453,The success suffer go me rise.,LiNe D,Failed
Battery,85.45,1,402,"Jun 08, 2024","Garcia, Combs and Dunn",1200,Partner everybody partner opportunity action.,Line C,Passed
PCB,52.18,2,386,2024-06-09,"Rogers, Baker and Hernandez",1659,,nan,
Connector,47.33,4,494,"Jun 10, 2024",Phillips-Sanders,1123,,Line A,Failded
Connector,34.61,1,109,2024-06-11,Williams PLC,1000,,Line B ,Passed
Wire,15.07,3,806,"Jun 12, 2024",Ho and Sons,1967,,Line B ,Passed
Charger,87.83,2,729,2024-06-13,Pratt-Adkins,1758,,nan,
Connector,83.16,1,369,2024-06-14,Bond and Sons,1854,,Line A,Failded
Battery,99.97,2,691,"Jun 15, 2024",Richard Ltd,1639,,LiNe D,Passed
Earbud Housing,99.7,1,704,"Jun 16, 2024",Smith-Peterson,1190,,Line C,Passed
Microphone,59.99,0,877,17/06/2024,"Ortiz, Delgado and Tate",1578,,Line A,Failded
Microphone,79.21,2,943,2024-06-18,Howard-Wilson,1515,Might great own improve.,Line B ,Passed 
Cable,95.03,3,961,19/06/2024,Warner and Sons,1441,,nan,Passed
Chipset,86.47,3,460,"Jun 20, 2024",Caldwell Inc,1920,,nan,Failed
Speaker,32.26,4,356,2024-06-21,Munoz Group,1814,,Line C,Failded
Wire,50.55,1,232,"Jun 22, 2024",Beck Inc,1805,,nan,Passed
Cable,21.62,2,375,2024-06-23,Gonzalez-Howard,1142,Certain you likely region.,nan,
Chipset,95.86,4,875,2024-06-24,Price-Hughes,1190,,Line A,Failed
Charger,64.56,2,782,"Jun 25, 2024",Davis-Collier,1532,,LiNe D,Passed
PCB,30.58,1,612,2024-06-26,"Williams, Smith and Melendez",1226,,Line C,Failed
PCB,70.45,3,412,27/06/2024,"Young, Gay and Harrison",1312,Improve name financial writer claim miss they.,Line A,Failed
Speaker,65.63,0,675,2024-06-28,"Wolf, Greene and White",1628,,LiNe D,Passed 
Connector,42.23,3,985,"Jun 29, 2024",Bell Inc,1948,Support near country may resource.,Line A,Failed
Battery,20.22,4,383,"Jun 30, 2024","Nelson, Rodriguez and Fields",1301,,Line A,Passed 
Cable,70.44,0,220,"Jul 01, 2024","Robinson, Strickland and Carter",1653,,nan,Failded
Cable,56.83,4,206,"Jul 02, 2024",Lee PLC,1995,,LiNe D,Passed 
Wire,79.51,1,786,03/07/2024,"Morrow, Gordon and Pacheco",1459,,Line C,
Wire,56.81,0,303,"Jul 04, 2024",Jefferson Inc,1400,Be interest whether north southern.,Line C,Passed
PCB,86.7,4,264,"Jul 05, 2024",Mccarthy-Cervantes,1550,Avoid prevent south kid air table however.,LiNe D,Failded
PCB,59.67,1,404,06/07/2024,Thompson Ltd,1392,,nan,Failded
Earbud Housing,60.48,3,596,07/07/2024,Johnson-Mason,1866,,Line B ,
Earbud Housing,88.9,1,731,2024-07-08,Duncan Inc,1763,,Line A,Passed 
Connector,46.31,2,655,09/07/2024,Merritt-Hawkins,1844,Travel remain interesting claim.,nan,Passed
Earbud Housing,22.06,1,923,10/07/2024,Moran Inc,1206,Short expect low world life expert than interesting.,LiNe D,Passed 
Battery,12.59,1,255,2024-07-11,Clark-Harris,1209,,Line A,Failed
Battery,77.96,2,466,"Jul 12, 2024",Tran-Rogers,1114,,Line C,Passed 
Cable,65.83,4,818,2024-07-13,Johnson-Gibson,1736,,Line B ,Failded
Microphone,73.37,4,719,2024-07-14,"Schaefer, Woods and Barr",1645,They ever enjoy thing program through instead instead.,Line C,Passed
Battery,29.17,1,350,15/07/2024,Smith-Gonzales,1250,Because personal deal claim worry also middle.,LiNe D,Passed 
Chipset,22.27,2,981,"Jul 16, 2024","Williams, Evans and Charles",1218,Way somebody anything happy.,Line A,Passed
PCB,11.31,2,433,"Jul 17, 2024",Mullen LLC,1406,,LiNe D,Passed
Wire,41.55,3,741,"Jul 18, 2024",Williams-Morales,1442,Soldier reduce lawyer fact then.,Line A,Failed
Earbud Housing,63.09,4,610,"Jul 19, 2024",Davis-Hopkins,1602,Chair good inside than land heart.,nan,Failed
Cable,45.3,0,392,20/07/2024,Ashley Ltd,1353,Right skin everyone each.,Line B ,Failded
Speaker,49.37,4,119,"Jul 21, 2024",Miller-Anderson,1887,,nan,
Wire,91.37,4,381,"Jul 22, 2024","Moses, Sanchez and Brown",1557,,nan,Passed
Chipset,41.34,3,896,23/07/2024,Nolan-Thompson,1549,,LiNe D,
Earbud Housing,56.26,0,100,2024-07-24,Ballard LLC,1141,,Line B ,Failded
Chipset,80.53,3,218,25/07/2024,Ruiz Ltd,1611,,Line A,Passed
PCB,45.69,0,134,2024-07-26,"Hickman, Martin and Rice",1500,,Line A,Passed
PCB,65.99,1,297,"Jul 27, 2024",Vega Inc,1839,,Line C,
Connector,87.61,0,584,28/07/2024,"Singh, Cole and Anderson",1701,System tell or strong picture Democrat sound.,Line A,Passed 
Cable,95.46,3,856,2024-07-29,"Hall, Mills and Williams",1546,,LiNe D,Failed
Wire,23.24,4,158,2024-07-30,Watson-Turner,1658,,nan,Passed 
Charger,93.39,0,936,31/07/2024,Morris-Rios,1541,,nan,
Charger,54.29,0,260,"Aug 01, 2024",Montgomery-Murillo,1845,American term nice meeting believe.,nan,Failed
Wire,33.24,2,790,"Aug 02, 2024",Humphrey-White,1506,,Line B ,Passed 
Speaker,51.32,4,305,03/08/2024,Reid-House,1595,,Line A,Failed
Cable,98.2,1,111,2024-08-04,Moore and Sons,1880,,LiNe D,Passed
Chipset,54.34,3,589,2024-08-05,"Wong, Flores and Cordova",1280,,Line B ,Passed 
Speaker,39.59,1,375,06/08/2024,"Harris, Wilson and Hernandez",1423,,Line C,Failed
Microphone,67.01,4,792,"Aug 07, 2024","Black, Molina and Arias",1855,,LiNe D,Failed
Wire,31.61,0,341,2024-08-08,Choi-Khan,1269,Public attention player total western economic.,LiNe D,Failed
Chipset,16.83,0,315,09/08/2024,"Williams, Maxwell and Gray",1153,Both some person.,LiNe D,Passed 
Charger,21.6,4,350,10/08/2024,Morales LLC,1613,Them whole perform look choice drug interest.,nan,Failded
Battery,21.52,0,910,2024-08-11,"Welch, Dixon and Yates",1726,Safe make war serious talk.,LiNe D,Passed 
Connector,23.67,0,225,12/08/2024,Harrison-Morales,1661,,Line A,
Charger,22.49,0,316,13/08/2024,Rhodes Inc,1943,,LiNe D,Passed 
Cable,67.68,3,405,2024-08-14,Smith and Sons,1082,Indeed record thus language.,nan,Failed
PCB,26.37,3,896,2024-08-15,Freeman-Saunders,1621,Beautiful other use near authority situation.,LiNe D,Passed
Battery,41.11,2,284,2024-08-16,Young Inc,1946,Successful stuff doctor degree boy.,Line C,Passed 
Connector,90.71,1,138,2024-08-17,Nguyen PLC,1898,,Line C,Passed 
Connector,52.66,4,322,2024-08-18,"Miller, Myers and Peterson",1425,Fine personal manager yet heavy traditional.,nan,Failed
Microphone,70.08,4,283,19/08/2024,"Taylor, Monroe and Woodard",1274,Else leg without outside society and until.,Line A,Passed
Microphone,25.51,4,594,"Aug 20, 2024",Hill Ltd,1712,Factor camera member newspaper want.,Line A,Passed
Earbud Housing,27.31,2,526,"Aug 21, 2024",Williams LLC,1283,,Line B ,
Charger,13.68,3,277,2024-08-22,Fisher-Garcia,1979,,nan,Passed 
